id,lat,long,year,status,status_description,elevation,slope_deg,bio1_temp_mean_annual,bio4_seasonality_temp,bio5_temp_max_warm,bio6_temp_min_cold,bio12_precip_annual,bio15_seasonality_precip,months_with_snow,winter_precip,estim_snow,months_above_25,max_temperature,summer_max_temperature,winter_max_temperature,min_temperature,summer_min_temperature,winter_min_temperature,Worst_drought,Worst_drought_YearBefore,AnnualMean_PDSI,AnnualMean_YearBefore_PDSI,summerMean_PDSI,summerMean_YearBefore_PDSI,months_with_drought,months_with_drought_YearBefore,winterMean_PDSI,winterMean_YearBefore_PDSI,Max_snow,Max_snow_YearBefore,AnnualMean_swe,AnnualMean_YearBefore_swe,coldSeasonMean_swe,coldSeasonMean_YearBefore_swe,months_with_snow_YearBefore,springMean_swe,springMean_YearBefore_swe
4 (near A1b),40.0031,-120.17453,2019.0,0.0,long absence,2150.0592,6.65,7.051166534423828,708.7528076171875,27.847999572753903,-7.507999897003174,489.0,56.275840759277344,4.0,203.0,203.0,2.0,29.0,29.0,5.299999999999997,-8.5,5.900000000000006,-8.5,-1.5300000000000011,-2.1899999999999977,1.6191666666666673,-0.3399999999999992,2.0033333333333325,0.4966666666666673,0.0,1.0,-0.0466666666666668,-1.8300000000000007,315.20000000000005,118.10000000000001,60.27500000000001,14.358333333333336,120.55000000000003,28.500000000000004,3.0,84.03333333333335,39.800000000000004
BLUE,48.27719625,-116.8272141,2016.0,0.0,long absence,678.0,0.0,6.724999904632568,809.1503295898438,27.20800018310547,-7.323999881744385,800.0,41.13065719604492,3.0,290.0,290.0,2.0,28.200000000000003,28.200000000000003,6.5,-9.0,8.100000000000009,-9.0,-4.43,-5.240000000000002,-2.8849999999999985,-3.755833333333334,-4.243333333333332,-4.973333333333334,9.0,9.0,-1.6833333333333325,-2.4800000000000018,272.40000000000003,232.8,31.966666666666672,39.24166666666667,63.933333333333344,78.48333333333333,4.0,0.20000000000000004,0.0
DAMT,48.50680651,-114.9810138,2016.0,0.0,long absence,1514.0,13.52,3.884999990463257,810.1452026367188,24.76000022888184,-11.600000381469728,641.0,25.27545928955078,4.0,195.0,314.0,1.0,25.60000000000001,25.60000000000001,4.799999999999997,-13.5,4.200000000000003,-13.5,-3.649999999999999,-4.649999999999999,-2.382499999999999,-3.109166666666665,-3.2333333333333343,-4.363333333333332,9.0,9.0,-1.6766666666666648,-1.7099999999999984,215.10000000000002,225.4,45.86666666666667,56.09166666666667,91.73333333333333,112.18333333333334,4.0,20.0,2.466666666666667
EGMT_17_OHP1,39.43929599,-120.536311,2019.0,1.0,recent absence,2296.9730734056,13.22,5.570000171661377,671.29736328125,24.88400077819824,-7.664000034332275,1205.0,75.33768463134766,5.0,579.0,748.0,1.0,26.10000000000001,26.10000000000001,5.0,-9.399999999999991,5.0,-9.399999999999991,-1.990000000000002,-2.449999999999996,1.4900000000000002,-0.4808333333333318,2.536666666666666,-0.2233333333333315,0.0,3.0,-0.4899999999999996,-0.8099999999999975,938.1,412.6,191.15,56.44166666666666,379.4333333333334,109.73333333333335,5.0,318.43333333333334,143.83333333333334
ENGMTN1_17_UOT,39.461561,-120.55121,2019.0,0.0,long absence,2083.3000666656,4.76,6.207499980926514,651.5548095703125,25.35599899291992,-6.760000228881836,1232.0,76.07561492919922,4.0,593.0,593.0,1.0,26.60000000000001,26.60000000000001,6.1000000000000085,-8.700000000000003,5.400000000000006,-8.700000000000003,-2.019999999999996,-2.43,1.6875000000000018,-0.4808333333333336,2.603333333333334,-0.2266666666666665,1.0,3.0,0.1533333333333336,-0.826666666666668,733.8000000000001,351.40000000000003,143.86666666666667,39.96666666666667,286.06666666666666,78.48333333333333,4.0,247.93333333333337,120.03333333333335
ENGMT_17_BPEL1,39.45391,-120.54979,2019.0,1.0,recent absence,2300.0000736,25.06,5.871333599090576,670.7178344726562,25.23200035095215,-7.263999938964844,1274.0,76.08978271484375,5.0,612.0,612.0,1.0,26.40000000000001,26.40000000000001,5.5,-9.099999999999994,5.200000000000003,-9.099999999999994,-2.030000000000001,-2.4399999999999977,1.4550000000000012,-0.5108333333333318,2.523333333333336,-0.2899999999999967,1.0,3.0,-0.5666666666666677,-0.7833333333333314,907.6,402.90000000000003,181.60833333333335,50.625,360.8333333333333,98.75,5.0,307.3,139.3
ENGMT_17_PEL2,39.45749,-120.54898,2019.0,1.0,recent absence,2261.000072352,6.03,5.871333599090576,670.7178344726562,25.23200035095215,-7.263999938964844,1274.0,76.08978271484375,5.0,612.0,612.0,1.0,26.40000000000001,26.40000000000001,5.5,-9.099999999999994,5.200000000000003,-9.099999999999994,-2.030000000000001,-2.4399999999999977,1.4550000000000012,-0.5108333333333318,2.523333333333336,-0.2899999999999967,1.0,3.0,-0.5666666666666677,-0.7833333333333314,907.6,402.90000000000003,181.60833333333335,50.625,360.8333333333333,98.75,5.0,307.3,139.3
English Mountain (SW's pt 9),39.46315,-120.5524,2019.0,1.0,recent absence,2043.684,10.65,6.207499980926514,651.5548095703125,25.35599899291992,-6.760000228881836,1232.0,76.07561492919922,4.0,593.0,593.0,1.0,26.60000000000001,26.60000000000001,6.1000000000000085,-8.700000000000003,5.400000000000006,-8.700000000000003,-2.019999999999996,-2.43,1.6875000000000018,-0.4808333333333336,2.603333333333334,-0.2266666666666665,1.0,3.0,0.1533333333333336,-0.826666666666668,733.8000000000001,351.40000000000003,143.86666666666667,39.96666666666667,286.06666666666666,78.48333333333333,4.0,247.93333333333337,120.03333333333335
FTKL,42.70470535,-121.9947138,2016.0,0.0,long absence,1276.0,1.31,6.871166706085205,708.409423828125,27.81599998474121,-8.343999862670898,631.0,65.4493637084961,3.0,273.0,273.0,2.0,30.40000000000001,30.40000000000001,8.400000000000006,-9.099999999999994,5.1000000000000085,-9.099999999999994,-3.199999999999996,-4.93,-2.258333333333333,-3.8425,-2.943333333333333,-4.263333333333333,9.0,12.0,-1.956666666666668,-3.0033333333333325,335.70000000000005,214.70000000000002,44.85,26.483333333333334,89.7,52.96666666666667,3.0,0.5666666666666668,0.0
Grey 10 (Sierra Buttes),39.6004,-120.6392,2019.0,0.0,long absence,2096.1096,36.71,5.9720001220703125,653.7310791015625,25.083999633789062,-6.763999938964844,1216.0,74.21369934082031,5.0,574.0,574.0,1.0,26.200000000000003,26.200000000000003,5.700000000000003,-8.700000000000003,5.200000000000003,-8.700000000000003,-2.0700000000000003,-2.449999999999996,1.4058333333333348,-0.5624999999999994,2.343333333333336,-0.3266666666666656,1.0,3.0,-0.5599999999999999,-0.9133333333333316,806.4000000000001,360.5,153.97500000000002,42.775,305.7333333333334,83.18333333333334,5.0,273.2333333333334,124.89999999999999
Grey 11 (Mt. Elwell),39.705,-120.6877,2019.0,0.0,long absence,2132.076,16.11,5.863666534423828,655.9221801757812,24.935998916625977,-6.920000076293945,1180.0,73.19073486328125,5.0,553.0,553.0,1.0,26.0,26.0,5.200000000000003,-8.5,5.0,-8.5,-2.0799999999999983,-2.469999999999999,1.371666666666668,-0.5966666666666663,2.2333333333333365,-0.3599999999999994,1.0,3.0,-0.5499999999999995,-0.9866666666666668,827.4000000000001,353.0,164.45833333333334,44.975,326.5166666666667,87.75,5.0,280.6000000000001,122.06666666666666
Grey 12,40.2268,-120.9716,2019.0,0.0,long absence,1946.148,36.63,6.169000148773193,652.374267578125,25.39200019836425,-6.668000221252441,935.0,66.78227996826172,4.0,412.0,412.0,1.0,26.200000000000003,26.200000000000003,4.700000000000003,-7.700000000000003,5.0,-7.700000000000003,-2.0,-2.3100000000000023,1.4175000000000004,-0.9975,2.270000000000001,-0.0400000000000015,0.0,2.0,-0.5033333333333326,-1.8433333333333335,589.6,221.20000000000002,121.45,29.26666666666667,241.61666666666667,57.95000000000001,4.0,178.9666666666667,74.9
Grey 16,40.0153,-121.3694,2019.0,0.0,long absence,1779.1176,27.05,6.94516658782959,647.1192016601562,26.336000442504883,-5.515999794006348,1379.0,74.85891723632812,4.0,638.0,446.0,2.0,27.10000000000001,27.10000000000001,7.0,-7.399999999999991,6.0,-7.399999999999991,-2.5,-2.780000000000001,1.0533333333333346,-1.7008333333333323,2.1699999999999995,-1.393333333333333,1.0,5.0,-1.6166666666666647,-2.063333333333333,528.0,241.70000000000002,80.26666666666667,22.441666666666666,160.53333333333333,44.366666666666674,2.0,122.86666666666667,81.60000000000001
Grey 17/PP1,40.0126,-121.3459,2019.0,0.0,long absence,1950.72,14.36,6.94516658782959,647.1192016601562,26.336000442504883,-5.515999794006348,1379.0,74.85891723632812,4.0,638.0,446.0,2.0,27.10000000000001,27.10000000000001,7.0,-7.399999999999991,6.0,-7.399999999999991,-2.5,-2.780000000000001,1.0533333333333346,-1.7008333333333323,2.1699999999999995,-1.393333333333333,1.0,5.0,-1.6166666666666647,-2.063333333333333,528.0,241.70000000000002,80.26666666666667,22.441666666666666,160.53333333333333,44.366666666666674,2.0,122.86666666666667,81.60000000000001
Grey 17/PP2,39.78405,-120.86891,2019.0,0.0,long absence,2212.848,9.1,6.680333137512207,637.2183837890625,25.6879997253418,-5.576000213623047,1247.0,75.22538757324219,4.0,591.0,591.0,1.0,26.60000000000001,26.60000000000001,6.400000000000006,-7.299999999999997,5.700000000000003,-7.299999999999997,-2.289999999999999,-2.5799999999999983,1.5183333333333344,-0.8199999999999991,2.24,-0.949999999999998,1.0,3.0,-0.009999999999998,-1.066666666666665,586.1,307.3,103.925,34.24166666666667,206.73333333333335,67.5,3.0,178.36666666666667,104.39999999999999
Grey 19,39.9944,-121.3966,2019.0,0.0,long absence,1738.884,10.43,7.569166660308838,626.4965209960938,26.64800071716309,-4.447999954223633,1451.0,75.6649169921875,2.0,675.0,0.0,2.0,27.5,27.5,8.200000000000003,-6.599999999999994,6.400000000000006,-6.599999999999994,-2.3599999999999994,-2.6499999999999986,1.2716666666666685,-1.3074999999999986,2.2433333333333345,-0.9866666666666668,1.0,4.0,-0.8499999999999991,-2.0199999999999982,519.3000000000001,201.9,65.44166666666666,17.208333333333332,130.88333333333333,34.0,1.0,86.73333333333333,68.13333333333334
Grey 21,39.4207,-120.6189,2019.0,1.0,recent absence,1991.868,26.07,6.7104997634887695,667.5568237304688,26.13599967956543,-6.4679999351501465,1348.0,78.0029525756836,4.0,655.0,655.0,1.0,27.3,27.3,6.299999999999997,-8.5,5.900000000000006,-8.5,-2.1000000000000014,-2.4399999999999977,1.6358333333333348,-0.4941666666666655,2.616666666666667,-0.3433333333333337,1.0,3.0,0.0400000000000015,-0.5999999999999966,720.0,345.20000000000005,133.86666666666667,38.116666666666674,266.4666666666667,75.18333333333334,3.0,217.60000000000002,117.16666666666669
Grey 22,39.474,-120.6644,2019.0,0.0,long absence,1685.8488,21.53,7.238500118255615,645.7735595703125,26.332000732421875,-5.452000141143799,1367.0,78.09003448486328,4.0,665.0,0.0,1.0,27.5,27.5,7.200000000000003,-7.599999999999994,6.299999999999997,-7.599999999999994,-2.1599999999999966,-2.469999999999999,1.633333333333334,-0.5283333333333324,2.62,-0.3966666666666659,1.0,3.0,0.003333333333335,-0.6166666666666648,605.4,288.6,88.47500000000001,28.433333333333334,176.16666666666666,56.15,3.0,140.33333333333334,97.63333333333334
Grey 28,40.4612,-121.5918,2019.0,1.0,recent absence,2224.1256000000003,9.82,6.165833473205566,605.5092163085938,24.56800079345703,-5.940000057220459,1163.0,63.26740264892578,4.0,482.0,311.0,1.0,25.200000000000003,25.200000000000003,7.799999999999997,-8.5,4.799999999999997,-8.5,-2.6000000000000014,-2.9099999999999966,1.0008333333333344,-1.9341666666666653,1.980000000000004,-1.5566666666666649,1.0,5.0,-1.683333333333335,-2.393333333333331,463.40000000000003,194.60000000000002,75.20833333333334,19.066666666666666,149.50000000000003,37.28333333333334,2.0,156.3,66.56666666666668
Grey 29,40.465,-121.5938,2019.0,1.0,recent absence,2136.0384,15.59,6.165833473205566,605.5092163085938,24.56800079345703,-5.940000057220459,1163.0,63.26740264892578,4.0,482.0,311.0,1.0,25.200000000000003,25.200000000000003,7.799999999999997,-8.5,4.799999999999997,-8.5,-2.6000000000000014,-2.9099999999999966,1.0008333333333344,-1.9341666666666653,1.980000000000004,-1.5566666666666649,1.0,5.0,-1.683333333333335,-2.393333333333331,463.40000000000003,194.60000000000002,75.20833333333334,19.066666666666666,149.50000000000003,37.28333333333334,2.0,156.3,66.56666666666668
Grey 31,40.47079998,-121.596046,2019.0,0.0,long absence,2068.3728,9.49,6.165833473205566,605.5092163085938,24.56800079345703,-5.940000057220459,1163.0,63.26740264892578,4.0,482.0,311.0,1.0,25.200000000000003,25.200000000000003,7.799999999999997,-8.5,4.799999999999997,-8.5,-2.6000000000000014,-2.9099999999999966,1.0008333333333344,-1.9341666666666653,1.980000000000004,-1.5566666666666649,1.0,5.0,-1.683333333333335,-2.393333333333331,463.40000000000003,194.60000000000002,75.20833333333334,19.066666666666666,149.50000000000003,37.28333333333334,2.0,156.3,66.56666666666668
H2,39.06021,-120.3272,2019.0,0.0,long absence,1820.2656,8.34,6.963833332061768,673.4244384765625,26.02400016784668,-6.912000179290772,1123.0,78.14100646972656,4.0,548.0,548.0,2.0,27.5,27.5,6.5,-7.899999999999991,6.700000000000003,-7.899999999999991,-1.7800000000000011,-2.1700000000000017,1.6166666666666671,-0.1208333333333323,2.916666666666669,0.6266666666666675,0.0,1.0,-0.426666666666667,-0.6866666666666651,619.1,184.0,96.79166666666667,24.191666666666666,193.58333333333334,48.0,3.0,89.03333333333335,62.1
RK1,39.29156,-119.96502,2019.0,0.0,long absence,2801.112,29.8,5.222833156585693,654.6077880859375,23.540000915527344,-7.447999954223633,750.0,66.27283477783203,5.0,343.0,442.0,1.0,25.200000000000003,25.200000000000003,4.799999999999997,-9.299999999999995,4.700000000000003,-9.299999999999995,-1.3299999999999983,-1.9200000000000017,1.182500000000001,0.0491666666666675,1.8000000000000018,0.9400000000000024,0.0,0.0,0.1066666666666667,-0.9200000000000016,615.0,256.3,124.92500000000001,31.433333333333337,246.4,60.43333333333334,4.0,211.9,90.30000000000001
RK2,39.29083,-119.95805,2019.0,1.0,recent absence,2865.1200000000003,19.57,5.551333427429199,674.6722412109375,24.20800018310547,-7.507999897003174,690.0,65.61034393310547,5.0,315.0,406.0,1.0,25.90000000000001,25.90000000000001,4.700000000000003,-9.299999999999995,5.200000000000003,-9.299999999999995,-1.3599999999999994,-1.93,1.1675000000000004,0.0266666666666684,1.716666666666666,0.8533333333333365,0.0,0.0,0.1133333333333344,-0.949999999999998,556.6,216.5,115.85000000000001,26.958333333333332,229.73333333333335,52.80000000000001,3.0,189.46666666666667,74.39999999999999
RK3,39.27942,-120.00357,2019.0,0.0,long absence,2602.992,28.51,5.244333267211914,651.9694213867188,23.552000045776367,-7.388000011444092,778.0,67.61497497558594,5.0,360.0,463.0,1.0,25.3,25.3,4.799999999999997,-9.299999999999995,4.700000000000003,-9.299999999999995,-1.3399999999999963,-1.9399999999999975,1.227500000000001,0.0650000000000006,1.9233333333333344,0.9633333333333336,0.0,0.0,0.0800000000000006,-0.8766666666666652,636.4000000000001,253.9,130.42500000000004,32.300000000000004,257.6000000000001,62.31666666666667,5.0,218.63333333333335,89.2
RK4,39.29075,-120.01593,2019.0,0.0,long absence,2706.6240000000003,6.03,5.244333267211914,651.9694213867188,23.552000045776367,-7.388000011444092,778.0,67.61497497558594,5.0,360.0,463.0,1.0,25.3,25.3,4.799999999999997,-9.299999999999995,4.700000000000003,-9.299999999999995,-1.3399999999999963,-1.9399999999999975,1.227500000000001,0.0650000000000006,1.9233333333333344,0.9633333333333336,0.0,0.0,0.0800000000000006,-0.8766666666666652,636.4000000000001,253.9,130.42500000000004,32.300000000000004,257.6000000000001,62.31666666666667,5.0,218.63333333333335,89.2
SBb (Sierra Buttes),39.60448897,-120.63903,2019.0,0.0,long absence,1892.808,42.85,5.9720001220703125,653.7310791015625,25.083999633789062,-6.763999938964844,1216.0,74.21369934082031,5.0,574.0,574.0,1.0,26.200000000000003,26.200000000000003,5.700000000000003,-8.700000000000003,5.200000000000003,-8.700000000000003,-2.0700000000000003,-2.449999999999996,1.4058333333333348,-0.5624999999999994,2.343333333333336,-0.3266666666666656,1.0,3.0,-0.5599999999999999,-0.9133333333333316,806.4000000000001,360.5,153.97500000000002,42.775,305.7333333333334,83.18333333333334,5.0,273.2333333333334,124.89999999999999
SBc  (Sierra Buttes),39.60401698,-120.63999,2019.0,1.0,recent absence,1898.5992,30.36,5.9720001220703125,653.7310791015625,25.083999633789062,-6.763999938964844,1216.0,74.21369934082031,5.0,574.0,574.0,1.0,26.200000000000003,26.200000000000003,5.700000000000003,-8.700000000000003,5.200000000000003,-8.700000000000003,-2.0700000000000003,-2.449999999999996,1.4058333333333348,-0.5624999999999994,2.343333333333336,-0.3266666666666656,1.0,3.0,-0.5599999999999999,-0.9133333333333316,806.4000000000001,360.5,153.97500000000002,42.775,305.7333333333334,83.18333333333334,5.0,273.2333333333334,124.89999999999999
SBd (Sierra Buttes),39.60345799,-120.651427,2019.0,1.0,recent absence,2212.5432,7.93,5.9720001220703125,653.7310791015625,25.083999633789062,-6.763999938964844,1216.0,74.21369934082031,5.0,574.0,574.0,1.0,26.200000000000003,26.200000000000003,5.700000000000003,-8.700000000000003,5.200000000000003,-8.700000000000003,-2.0700000000000003,-2.449999999999996,1.4058333333333348,-0.5624999999999994,2.343333333333336,-0.3266666666666656,1.0,3.0,-0.5599999999999999,-0.9133333333333316,806.4000000000001,360.5,153.97500000000002,42.775,305.7333333333334,83.18333333333334,5.0,273.2333333333334,124.89999999999999
SBf (Sierra Buttes),39.59918397,-120.653516,2019.0,0.0,long absence,2211.6288,27.32,5.9720001220703125,653.7310791015625,25.083999633789062,-6.763999938964844,1216.0,74.21369934082031,5.0,574.0,574.0,1.0,26.200000000000003,26.200000000000003,5.700000000000003,-8.700000000000003,5.200000000000003,-8.700000000000003,-2.0700000000000003,-2.449999999999996,1.4058333333333348,-0.5624999999999994,2.343333333333336,-0.3266666666666656,1.0,3.0,-0.5599999999999999,-0.9133333333333316,806.4000000000001,360.5,153.97500000000002,42.775,305.7333333333334,83.18333333333334,5.0,273.2333333333334,124.89999999999999
SBg (Sierra Buttes),39.59988504,-120.652967,2019.0,0.0,long absence,2241.4992,19.22,5.9720001220703125,653.7310791015625,25.083999633789062,-6.763999938964844,1216.0,74.21369934082031,5.0,574.0,574.0,1.0,26.200000000000003,26.200000000000003,5.700000000000003,-8.700000000000003,5.200000000000003,-8.700000000000003,-2.0700000000000003,-2.449999999999996,1.4058333333333348,-0.5624999999999994,2.343333333333336,-0.3266666666666656,1.0,3.0,-0.5599999999999999,-0.9133333333333316,806.4000000000001,360.5,153.97500000000002,42.775,305.7333333333334,83.18333333333334,5.0,273.2333333333334,124.89999999999999
Sba (Sierra Buttes),39.61038999,-120.635483,2019.0,0.0,long absence,1819.656,27.71,5.9720001220703125,653.7310791015625,25.083999633789062,-6.763999938964844,1216.0,74.21369934082031,5.0,574.0,574.0,1.0,26.200000000000003,26.200000000000003,5.700000000000003,-8.700000000000003,5.200000000000003,-8.700000000000003,-2.0700000000000003,-2.449999999999996,1.4058333333333348,-0.5624999999999994,2.343333333333336,-0.3266666666666656,1.0,3.0,-0.5599999999999999,-0.9133333333333316,806.4000000000001,360.5,153.97500000000002,42.775,305.7333333333334,83.18333333333334,5.0,273.2333333333334,124.89999999999999
Sbe (Sierra Buttes),39.59942403,-120.655445,2019.0,0.0,long absence,2339.6448,,5.9720001220703125,653.7310791015625,25.083999633789062,-6.763999938964844,1216.0,74.21369934082031,5.0,574.0,574.0,1.0,26.200000000000003,26.200000000000003,5.700000000000003,-8.700000000000003,5.200000000000003,-8.700000000000003,-2.0700000000000003,-2.449999999999996,1.4058333333333348,-0.5624999999999994,2.343333333333336,-0.3266666666666656,1.0,3.0,-0.5599999999999999,-0.9133333333333316,806.4000000000001,360.5,153.97500000000002,42.775,305.7333333333334,83.18333333333334,5.0,273.2333333333334,124.89999999999999
Thompson Peak1 (6 on RAP96),40.26059,-120.55727,2019.0,0.0,long absence,2361.0000755520005,23.5,6.381666660308838,676.1528930664062,26.312000274658203,-6.992000102996826,614.0,59.73516845703125,4.0,260.0,260.0,2.0,27.3,27.3,5.1000000000000085,-8.099999999999994,5.299999999999997,-8.099999999999994,-1.8299999999999983,-2.3500000000000014,1.4541666666666675,-0.8399999999999986,1.696666666666668,0.3200000000000026,0.0,2.0,-0.2166666666666662,-2.023333333333331,384.5,131.3,78.5,16.025000000000002,156.31666666666666,31.76666666666667,2.0,118.2666666666667,44.333333333333336
Thompson Peak1 (7 on RAP96),40.25211,-120.55419,2019.0,0.0,long absence,2182.000069824,24.82,6.381666660308838,676.1528930664062,26.312000274658203,-6.992000102996826,614.0,59.73516845703125,4.0,260.0,260.0,2.0,27.3,27.3,5.1000000000000085,-8.099999999999994,5.299999999999997,-8.099999999999994,-1.8299999999999983,-2.3500000000000014,1.4541666666666675,-0.8399999999999986,1.696666666666668,0.3200000000000026,0.0,2.0,-0.2166666666666662,-2.023333333333331,384.5,131.3,78.5,16.025000000000002,156.31666666666666,31.76666666666667,2.0,118.2666666666667,44.333333333333336
Thompson Peak1 (8 on RAP96),40.25395,-120.55463,2019.0,0.0,long absence,2217.000070944,22.14,6.381666660308838,676.1528930664062,26.312000274658203,-6.992000102996826,614.0,59.73516845703125,4.0,260.0,260.0,2.0,27.3,27.3,5.1000000000000085,-8.099999999999994,5.299999999999997,-8.099999999999994,-1.8299999999999983,-2.3500000000000014,1.4541666666666675,-0.8399999999999986,1.696666666666668,0.3200000000000026,0.0,2.0,-0.2166666666666662,-2.023333333333331,384.5,131.3,78.5,16.025000000000002,156.31666666666666,31.76666666666667,2.0,118.2666666666667,44.333333333333336
XT1,39.64156497,-120.112271,2019.0,0.0,long absence,2196.6936,32.49,6.665333271026611,714.149169921875,27.420000076293945,-7.992000102996826,630.0,62.61745834350586,4.0,278.0,278.0,2.0,28.90000000000001,28.90000000000001,5.200000000000003,-9.099999999999994,5.5,-9.099999999999994,-1.5,-2.1099999999999994,1.2741666666666671,-0.1208333333333323,1.7899999999999991,0.4566666666666681,0.0,1.0,0.0366666666666688,-0.8766666666666652,458.1,175.8,97.41666666666669,21.808333333333337,193.9666666666667,43.21666666666667,3.0,151.63333333333335,59.400000000000006
XT1,39.75803797,-119.976872,2019.0,0.0,long absence,2363.4192000000003,14.76,7.378166675567627,742.3795166015625,28.70400047302246,-7.527999877929687,499.0,56.15920639038086,4.0,210.0,210.0,2.0,30.099999999999994,30.099999999999994,5.6000000000000085,-9.0,6.1000000000000085,-9.0,-1.5499999999999972,-2.1499999999999986,1.3200000000000005,-0.1891666666666651,1.849999999999999,0.490000000000002,0.0,1.0,0.0066666666666677,-1.153333333333331,334.90000000000003,113.30000000000001,66.88333333333334,13.450000000000003,133.76666666666668,26.666666666666668,3.0,104.63333333333334,38.23333333333334
XT1,40.09008799,-120.677922,2019.0,0.0,long absence,1607.8200000000002,19.81,6.671499729156494,643.6004638671875,26.1879997253418,-6.156000137329102,782.0,66.67908477783203,4.0,349.0,349.0,2.0,27.10000000000001,27.10000000000001,5.900000000000006,-7.5,5.299999999999997,-7.5,-1.8900000000000008,-2.280000000000001,1.553333333333334,-0.4491666666666661,2.2466666666666675,0.3266666666666656,0.0,1.0,-0.3333333333333333,-1.7199999999999989,453.70000000000005,182.9,83.03333333333335,21.608333333333334,165.33333333333334,42.81666666666667,3.0,123.16666666666667,61.76666666666667
XT2,39.64377402,-120.115922,2019.0,0.0,long absence,2225.04,36.01,6.665333271026611,714.149169921875,27.420000076293945,-7.992000102996826,630.0,62.61745834350586,4.0,278.0,278.0,2.0,28.90000000000001,28.90000000000001,5.200000000000003,-9.099999999999994,5.5,-9.099999999999994,-1.5,-2.1099999999999994,1.2741666666666671,-0.1208333333333323,1.7899999999999991,0.4566666666666681,0.0,1.0,0.0366666666666688,-0.8766666666666652,458.1,175.8,97.41666666666669,21.808333333333337,193.9666666666667,43.21666666666667,3.0,151.63333333333335,59.400000000000006
XT2,39.76117096,-119.977691,2019.0,0.0,long absence,2290.572,20.27,7.378166675567627,742.3795166015625,28.70400047302246,-7.527999877929687,499.0,56.15920639038086,4.0,210.0,210.0,2.0,30.099999999999994,30.099999999999994,5.6000000000000085,-9.0,6.1000000000000085,-9.0,-1.5499999999999972,-2.1499999999999986,1.3200000000000005,-0.1891666666666651,1.849999999999999,0.490000000000002,0.0,1.0,0.0066666666666677,-1.153333333333331,334.90000000000003,113.30000000000001,66.88333333333334,13.450000000000003,133.76666666666668,26.666666666666668,3.0,104.63333333333334,38.23333333333334
XT2,40.08780099,-120.677705,2019.0,0.0,long absence,1521.8664,,6.671499729156494,643.6004638671875,26.1879997253418,-6.156000137329102,782.0,66.67908477783203,4.0,349.0,349.0,2.0,27.10000000000001,27.10000000000001,5.900000000000006,-7.5,5.299999999999997,-7.5,-1.8900000000000008,-2.280000000000001,1.553333333333334,-0.4491666666666661,2.2466666666666675,0.3266666666666656,0.0,1.0,-0.3333333333333333,-1.7199999999999989,453.70000000000005,182.9,83.03333333333335,21.608333333333334,165.33333333333334,42.81666666666667,3.0,123.16666666666667,61.76666666666667
a,39.5372,-120.0706,2019.0,0.0,long absence,1972.9704,10.86,6.319499969482422,712.941162109375,26.60400009155273,-8.420000076293945,649.0,65.4400863647461,4.0,292.0,292.0,2.0,28.200000000000003,28.200000000000003,4.5,-9.200000000000005,5.5,-9.200000000000005,-1.4799999999999969,-2.1300000000000026,1.2866666666666682,-0.114999999999999,1.8100000000000025,0.4366666666666698,0.0,1.0,0.080000000000003,-0.8233333333333329,501.40000000000003,205.4,109.00833333333334,26.8,217.03333333333333,53.13333333333333,4.0,168.4,69.4
a,39.5997,-120.3261,2019.0,0.0,long absence,1741.0176,26.25,7.516666889190674,696.0443725585938,28.72800064086914,-7.967999935150146,737.0,70.86856842041016,4.0,344.0,233.0,2.0,30.099999999999994,30.099999999999994,6.400000000000006,-8.5,6.0,-8.5,-1.5799999999999983,-2.1499999999999986,1.3491666666666675,-0.0808333333333332,2.086666666666668,0.4933333333333323,0.0,1.0,-0.0733333333333329,-0.7999999999999995,508.3,118.30000000000001,73.775,16.783333333333335,147.55,33.35,3.0,54.666666666666664,39.86666666666667
a,39.6009,-119.9362,2019.0,0.0,long absence,2357.0184,1.59,6.950333595275879,736.429931640625,27.804000854492188,-7.9120001792907715,525.0,59.64372634887695,4.0,229.0,229.0,2.0,29.30000000000001,29.30000000000001,4.799999999999997,-8.799999999999997,6.1000000000000085,-8.799999999999997,-1.5,-2.1000000000000014,1.294166666666668,-0.139166666666665,1.8033333333333343,0.4966666666666697,0.0,1.0,0.0700000000000026,-1.0166666666666655,385.40000000000003,129.6,80.51666666666668,16.125,161.03333333333336,31.983333333333334,3.0,119.53333333333335,43.73333333333333
a,39.7619,-119.9898,2019.0,0.0,long absence,1877.8728,25.06,7.378166675567627,742.3795166015625,28.70400047302246,-7.527999877929687,499.0,56.15920639038086,4.0,210.0,210.0,2.0,30.099999999999994,30.099999999999994,5.6000000000000085,-9.0,6.1000000000000085,-9.0,-1.5499999999999972,-2.1499999999999986,1.3200000000000005,-0.1891666666666651,1.849999999999999,0.490000000000002,0.0,1.0,0.0066666666666677,-1.153333333333331,334.90000000000003,113.30000000000001,66.88333333333334,13.450000000000003,133.76666666666668,26.666666666666668,3.0,104.63333333333334,38.23333333333334
a,39.9413,-121.1305,2019.0,0.0,long absence,1909.8768,28.34,6.366166591644287,631.8948974609375,25.003999710083008,-5.607999801635742,1323.0,73.78965759277344,4.0,614.0,614.0,1.0,25.8,25.8,6.299999999999997,-7.5,5.5,-7.5,-2.490000000000002,-2.75,1.0133333333333336,-1.4875,2.0433333333333343,-1.2300000000000015,1.0,4.0,-1.576666666666668,-1.9466666666666652,604.8000000000001,315.40000000000003,110.5,32.225,219.78333333333333,63.51666666666667,3.0,204.0333333333334,107.00000000000001
a,40.0138,-120.0012,2019.0,0.0,long absence,2007.108,17.0,8.340167045593262,744.332275390625,29.940000534057617,-6.564000129699707,399.0,50.77156066894531,3.0,160.0,108.0,2.0,31.099999999999994,31.099999999999994,6.700000000000003,-7.399999999999991,7.1000000000000085,-7.399999999999991,-1.6899999999999975,-2.0600000000000023,1.6241666666666668,-0.4083333333333326,2.143333333333333,0.8800000000000002,0.0,1.0,-0.1633333333333316,-1.8599999999999997,198.5,37.9,26.150000000000002,4.2250000000000005,52.300000000000004,8.450000000000001,2.0,23.96666666666667,12.633333333333333
a,40.07,-120.7302,2019.0,0.0,long absence,1512.1128,44.36,9.119333267211914,667.6495361328125,30.003999710083008,-4.8480000495910645,716.0,74.02192687988281,2.0,344.0,0.0,3.0,30.90000000000001,30.90000000000001,7.5,-5.5,7.400000000000006,-5.5,-2.1099999999999994,-2.280000000000001,1.6041666666666672,-0.260833333333333,2.356666666666667,0.3200000000000003,1.0,1.0,-0.4199999999999993,-1.0233333333333334,285.1,20.8,26.108333333333334,2.3333333333333335,52.21666666666667,4.666666666666667,1.0,3.066666666666667,2.3666666666666667
a+,39.60204103,-119.936327,2019.0,0.0,long absence,2286.6096,34.8,6.950333595275879,736.429931640625,27.804000854492188,-7.9120001792907715,525.0,59.64372634887695,4.0,229.0,229.0,2.0,29.30000000000001,29.30000000000001,4.799999999999997,-8.799999999999997,6.1000000000000085,-8.799999999999997,-1.5,-2.1000000000000014,1.294166666666668,-0.139166666666665,1.8033333333333343,0.4966666666666697,0.0,1.0,0.0700000000000026,-1.0166666666666655,385.40000000000003,129.6,80.51666666666668,16.125,161.03333333333336,31.983333333333334,3.0,119.53333333333335,43.73333333333333
a1,39.6178,-120.5534,2019.0,1.0,recent absence,2126.8944,19.57,5.880666732788086,638.485595703125,24.76000022888184,-6.823999881744385,1112.0,73.86611938476562,5.0,529.0,529.0,1.0,26.0,26.0,5.799999999999997,-8.599999999999994,5.0,-8.599999999999994,-1.8999999999999984,-2.3599999999999994,1.5116666666666667,-0.4249999999999995,2.4933333333333345,-0.1166666666666647,0.0,2.0,-0.4066666666666663,-0.8800000000000002,733.5,320.70000000000005,145.20833333333334,38.925000000000004,288.40000000000003,76.2,4.0,248.53333333333333,110.2
b,39.5939,-120.0882,2019.0,1.0,recent absence,2384.1456000000003,26.18,5.259666442871094,699.1168823242188,25.007999420166016,-7.955999851226807,781.0,62.97851943969727,5.0,344.0,446.0,1.0,26.5,26.5,4.1000000000000085,-9.700000000000005,4.400000000000006,-9.700000000000005,-1.3399999999999963,-2.0600000000000023,1.3083333333333342,-0.1208333333333329,1.9066666666666665,0.4899999999999996,0.0,1.0,0.1266666666666675,-0.8499999999999991,705.4000000000001,272.1,139.16666666666666,36.43333333333334,274.5166666666667,69.61666666666667,5.0,242.76666666666668,97.2
b,39.6057,-119.9327,2019.0,0.0,long absence,2075.9928,38.3,6.950333595275879,736.429931640625,27.804000854492188,-7.9120001792907715,525.0,59.64372634887695,4.0,229.0,229.0,2.0,29.30000000000001,29.30000000000001,4.799999999999997,-8.799999999999997,6.1000000000000085,-8.799999999999997,-1.5,-2.1000000000000014,1.294166666666668,-0.139166666666665,1.8033333333333343,0.4966666666666697,0.0,1.0,0.0700000000000026,-1.0166666666666655,385.40000000000003,129.6,80.51666666666668,16.125,161.03333333333336,31.983333333333334,3.0,119.53333333333335,43.73333333333333
b,39.6124,-120.337,2019.0,0.0,long absence,1798.9296000000002,19.46,8.468999862670898,698.5703125,30.459999084472656,-8.232000350952148,664.0,72.16773986816406,4.0,310.0,113.0,3.0,31.90000000000001,31.90000000000001,7.0,-8.0,6.6000000000000085,-8.0,-1.6599999999999966,-2.1000000000000014,1.323333333333334,0.3975000000000008,2.046666666666669,1.1133333333333344,0.0,1.0,-0.1466666666666659,-0.0066666666666653,429.0,25.700000000000003,49.51666666666666,4.95,99.03333333333332,9.9,3.0,8.633333333333335,4.033333333333334
b,39.7586,-119.9878,2019.0,0.0,long absence,1936.0896,25.5,7.378166675567627,742.3795166015625,28.70400047302246,-7.527999877929687,499.0,56.15920639038086,4.0,210.0,210.0,2.0,30.099999999999994,30.099999999999994,5.6000000000000085,-9.0,6.1000000000000085,-9.0,-1.5499999999999972,-2.1499999999999986,1.3200000000000005,-0.1891666666666651,1.849999999999999,0.490000000000002,0.0,1.0,0.0066666666666677,-1.153333333333331,334.90000000000003,113.30000000000001,66.88333333333334,13.450000000000003,133.76666666666668,26.666666666666668,3.0,104.63333333333334,38.23333333333334
b,40.0441,-119.9784,2019.0,0.0,long absence,2078.1264,32.54,9.669166564941406,791.1666259765625,32.19200134277344,-6.388000011444092,326.0,50.794918060302734,2.0,133.0,92.0,4.0,33.19999999999999,33.19999999999999,7.0,-5.899999999999992,9.0,-5.899999999999992,-2.229999999999997,-2.5,1.860833333333335,-1.5416666666666667,2.356666666666669,-1.143333333333333,1.0,2.0,0.2766666666666684,-1.913333333333332,122.10000000000001,9.600000000000001,12.500000000000002,0.8000000000000002,25.000000000000004,1.6000000000000003,0.0,1.1,0.0
b,40.0731,-120.7181,2019.0,0.0,long absence,1640.1288000000002,32.39,9.119333267211914,667.6495361328125,30.003999710083008,-4.8480000495910645,716.0,74.02192687988281,2.0,344.0,0.0,3.0,30.90000000000001,30.90000000000001,7.5,-5.5,7.400000000000006,-5.5,-2.1099999999999994,-2.280000000000001,1.6041666666666672,-0.260833333333333,2.356666666666667,0.3200000000000003,1.0,1.0,-0.4199999999999993,-1.0233333333333334,285.1,20.8,26.108333333333334,2.3333333333333335,52.21666666666667,4.666666666666667,1.0,3.066666666666667,2.3666666666666667
b,40.1717,-120.8851,2019.0,0.0,long absence,1826.9712,25.54,7.195000171661377,659.2705688476562,27.1200008392334,-5.912000179290772,859.0,69.2671890258789,4.0,386.0,265.0,2.0,27.90000000000001,27.90000000000001,5.700000000000003,-6.799999999999997,5.700000000000003,-6.799999999999997,-1.949999999999996,-2.18,1.4483333333333348,-0.5549999999999992,2.3300000000000005,0.4266666666666694,0.0,1.0,-0.4766666666666642,-1.716666666666666,482.5,151.20000000000002,73.89999999999999,18.291666666666668,147.38333333333333,36.28333333333334,2.0,75.63333333333334,51.00000000000001
b+,39.60623399,-119.933765,2019.0,0.0,long absence,2236.3176000000003,18.12,6.950333595275879,736.429931640625,27.804000854492188,-7.9120001792907715,525.0,59.64372634887695,4.0,229.0,229.0,2.0,29.30000000000001,29.30000000000001,4.799999999999997,-8.799999999999997,6.1000000000000085,-8.799999999999997,-1.5,-2.1000000000000014,1.294166666666668,-0.139166666666665,1.8033333333333343,0.4966666666666697,0.0,1.0,0.0700000000000026,-1.0166666666666655,385.40000000000003,129.6,80.51666666666668,16.125,161.03333333333336,31.983333333333334,3.0,119.53333333333335,43.73333333333333
c,39.5594,-119.9515,2019.0,0.0,long absence,1983.0288,9.15,7.426166534423828,727.8480834960938,28.552000045776367,-7.659999847412109,505.0,60.497779846191406,4.0,221.0,221.0,2.0,30.19999999999999,30.19999999999999,6.1000000000000085,-8.5,6.200000000000003,-8.5,-1.4799999999999969,-2.019999999999996,1.3016666666666683,-0.1191666666666648,1.836666666666666,0.5300000000000011,0.0,1.0,0.0733333333333353,-1.0399999999999967,352.1,108.4,66.075,13.108333333333334,132.15,26.0,3.0,90.10000000000001,36.56666666666667
c,39.6023,-120.0944,2019.0,1.0,recent absence,2516.1240000000003,24.45,5.259666442871094,699.1168823242188,25.007999420166016,-7.955999851226807,781.0,62.97851943969727,5.0,344.0,446.0,1.0,26.5,26.5,4.1000000000000085,-9.700000000000005,4.400000000000006,-9.700000000000005,-1.3399999999999963,-2.0600000000000023,1.3083333333333342,-0.1208333333333329,1.9066666666666665,0.4899999999999996,0.0,1.0,0.1266666666666675,-0.8499999999999991,705.4000000000001,272.1,139.16666666666666,36.43333333333334,274.5166666666667,69.61666666666667,5.0,242.76666666666668,97.2
c,39.6127,-120.3404,2019.0,0.0,long absence,1744.98,29.81,8.468999862670898,698.5703125,30.459999084472656,-8.232000350952148,664.0,72.16773986816406,4.0,310.0,113.0,3.0,31.90000000000001,31.90000000000001,7.0,-8.0,6.6000000000000085,-8.0,-1.6599999999999966,-2.1000000000000014,1.323333333333334,0.3975000000000008,2.046666666666669,1.1133333333333344,0.0,1.0,-0.1466666666666659,-0.0066666666666653,429.0,25.700000000000003,49.51666666666666,4.95,99.03333333333332,9.9,3.0,8.633333333333335,4.033333333333334
c,39.7056,-120.6215,2019.0,1.0,recent absence,2093.976,35.51,5.688666820526123,652.2412719726562,24.81999969482422,-7.171999931335449,1082.0,73.15065002441406,5.0,512.0,512.0,1.0,25.90000000000001,25.90000000000001,5.0,-8.599999999999994,4.900000000000006,-8.599999999999994,-1.9200000000000017,-2.390000000000001,1.4666666666666677,-0.4691666666666645,2.3733333333333326,-0.1633333333333316,0.0,2.0,-0.3999999999999986,-0.923333333333332,797.8000000000001,327.6,163.4416666666667,43.841666666666676,324.45000000000005,85.75,5.0,270.8,113.06666666666668
c,39.7591,-119.9791,2019.0,0.0,long absence,2221.992,33.36,7.378166675567627,742.3795166015625,28.70400047302246,-7.527999877929687,499.0,56.15920639038086,4.0,210.0,210.0,2.0,30.099999999999994,30.099999999999994,5.6000000000000085,-9.0,6.1000000000000085,-9.0,-1.5499999999999972,-2.1499999999999986,1.3200000000000005,-0.1891666666666651,1.849999999999999,0.490000000000002,0.0,1.0,0.0066666666666677,-1.153333333333331,334.90000000000003,113.30000000000001,66.88333333333334,13.450000000000003,133.76666666666668,26.666666666666668,3.0,104.63333333333334,38.23333333333334
c,40.0743,-120.7058,2019.0,0.0,long absence,1488.0336,38.32,9.222332954406738,673.51220703125,30.327999114990234,-5.056000232696533,669.0,73.7724380493164,2.0,322.0,0.0,3.0,31.19999999999999,31.19999999999999,7.5,-5.700000000000003,7.400000000000006,-5.700000000000003,-2.0799999999999983,-2.259999999999998,1.5550000000000008,-0.2674999999999994,2.203333333333336,0.3200000000000026,1.0,1.0,-0.3866666666666655,-1.0666666666666675,271.1,19.400000000000002,25.000000000000004,2.016666666666667,50.00000000000001,4.033333333333334,1.0,2.6666666666666665,1.5666666666666667
c+,39.54672097,-119.951257,2019.0,0.0,long absence,1759.3056,9.15,7.426166534423828,727.8480834960938,28.552000045776367,-7.659999847412109,505.0,60.497779846191406,4.0,221.0,221.0,2.0,30.19999999999999,30.19999999999999,6.1000000000000085,-8.5,6.200000000000003,-8.5,-1.4799999999999969,-2.019999999999996,1.3016666666666683,-0.1191666666666648,1.836666666666666,0.5300000000000011,0.0,1.0,0.0733333333333353,-1.0399999999999967,352.1,108.4,66.075,13.108333333333334,132.15,26.0,3.0,90.10000000000001,36.56666666666667
d,39.5953,-119.9266,2019.0,0.0,long absence,2172.0048,37.44,6.950333595275879,736.429931640625,27.804000854492188,-7.9120001792907715,525.0,59.64372634887695,4.0,229.0,229.0,2.0,29.30000000000001,29.30000000000001,4.799999999999997,-8.799999999999997,6.1000000000000085,-8.799999999999997,-1.5,-2.1000000000000014,1.294166666666668,-0.139166666666665,1.8033333333333343,0.4966666666666697,0.0,1.0,0.0700000000000026,-1.0166666666666655,385.40000000000003,129.6,80.51666666666668,16.125,161.03333333333336,31.983333333333334,3.0,119.53333333333335,43.73333333333333
d,39.6416,-120.1151,2019.0,1.0,recent absence,2303.0688,32.49,6.665333271026611,714.149169921875,27.420000076293945,-7.992000102996826,630.0,62.61745834350586,4.0,278.0,278.0,2.0,28.90000000000001,28.90000000000001,5.200000000000003,-9.099999999999994,5.5,-9.099999999999994,-1.5,-2.1099999999999994,1.2741666666666671,-0.1208333333333323,1.7899999999999991,0.4566666666666681,0.0,1.0,0.0366666666666688,-0.8766666666666652,458.1,175.8,97.41666666666669,21.808333333333337,193.9666666666667,43.21666666666667,3.0,151.63333333333335,59.400000000000006
d,39.7114,-120.6367,2019.0,0.0,long absence,1830.0192,34.13,7.4120001792907715,654.5204467773438,27.124000549316406,-6.075999736785889,1027.0,76.2930679321289,4.0,498.0,186.0,2.0,28.200000000000003,28.200000000000003,6.1000000000000085,-7.099999999999994,6.299999999999997,-7.099999999999994,-1.8399999999999963,-2.210000000000001,1.562500000000001,-0.1958333333333322,2.6366666666666654,0.426666666666667,0.0,1.0,-0.4033333333333312,-0.8499999999999991,576.6,167.5,78.66666666666667,20.766666666666666,157.33333333333334,41.199999999999996,3.0,77.13333333333334,56.5
d,39.7625,-119.9795,2019.0,0.0,long absence,2260.092,32.8,7.378166675567627,742.3795166015625,28.70400047302246,-7.527999877929687,499.0,56.15920639038086,4.0,210.0,210.0,2.0,30.099999999999994,30.099999999999994,5.6000000000000085,-9.0,6.1000000000000085,-9.0,-1.5499999999999972,-2.1499999999999986,1.3200000000000005,-0.1891666666666651,1.849999999999999,0.490000000000002,0.0,1.0,0.0066666666666677,-1.153333333333331,334.90000000000003,113.30000000000001,66.88333333333334,13.450000000000003,133.76666666666668,26.666666666666668,3.0,104.63333333333334,38.23333333333334
d,39.9399,-121.1246,2019.0,0.0,long absence,1872.0816,23.8,8.457666397094727,656.7337036132812,28.224000930786133,-4.611999988555908,1226.0,79.75856018066406,4.0,602.0,0.0,2.0,29.0,29.0,7.299999999999997,-5.700000000000003,7.299999999999997,-5.700000000000003,-2.1899999999999977,-2.3999999999999986,1.736666666666667,-0.8491666666666658,2.6566666666666663,-0.75,1.0,3.0,0.0800000000000006,-1.6833333333333325,469.90000000000003,26.3,43.875,3.375,87.75,6.75,2.0,11.433333333333335,8.766666666666667
d,40.0759,-120.694,2019.0,0.0,long absence,1321.0032,15.23,9.222332954406738,673.51220703125,30.327999114990234,-5.056000232696533,669.0,73.7724380493164,2.0,322.0,0.0,3.0,31.19999999999999,31.19999999999999,7.5,-5.700000000000003,7.400000000000006,-5.700000000000003,-2.0799999999999983,-2.259999999999998,1.5550000000000008,-0.2674999999999994,2.203333333333336,0.3200000000000026,1.0,1.0,-0.3866666666666655,-1.0666666666666675,271.1,19.400000000000002,25.000000000000004,2.016666666666667,50.00000000000001,4.033333333333334,1.0,2.6666666666666665,1.5666666666666667
d,40.4114,-120.8936,2019.0,0.0,long absence,1630.9848000000002,1.27,6.5316667556762695,669.3631591796875,26.527999877929688,-6.98799991607666,696.0,63.549564361572266,4.0,302.0,302.0,2.0,27.40000000000001,27.40000000000001,4.700000000000003,-7.5,5.200000000000003,-7.5,-1.75,-2.119999999999997,1.510833333333333,-0.5774999999999988,2.176666666666667,0.8400000000000011,0.0,2.0,-0.3733333333333324,-1.8666666666666647,445.40000000000003,130.20000000000002,82.68333333333335,18.6,164.83333333333334,36.93333333333334,4.0,94.46666666666665,43.93333333333334
d+,39.60170399,-119.927205,2019.0,0.0,long absence,2149.1448,,6.950333595275879,736.429931640625,27.804000854492188,-7.9120001792907715,525.0,59.64372634887695,4.0,229.0,229.0,2.0,29.30000000000001,29.30000000000001,4.799999999999997,-8.799999999999997,6.1000000000000085,-8.799999999999997,-1.5,-2.1000000000000014,1.294166666666668,-0.139166666666665,1.8033333333333343,0.4966666666666697,0.0,1.0,0.0700000000000026,-1.0166666666666655,385.40000000000003,129.6,80.51666666666668,16.125,161.03333333333336,31.983333333333334,3.0,119.53333333333335,43.73333333333333
d++,39.600699,-119.927438,2019.0,0.0,long absence,2153.7168,28.73,6.950333595275879,736.429931640625,27.804000854492188,-7.9120001792907715,525.0,59.64372634887695,4.0,229.0,229.0,2.0,29.30000000000001,29.30000000000001,4.799999999999997,-8.799999999999997,6.1000000000000085,-8.799999999999997,-1.5,-2.1000000000000014,1.294166666666668,-0.139166666666665,1.8033333333333343,0.4966666666666697,0.0,1.0,0.0700000000000026,-1.0166666666666655,385.40000000000003,129.6,80.51666666666668,16.125,161.03333333333336,31.983333333333334,3.0,119.53333333333335,43.73333333333333
d+++,39.59427402,-119.931812,2019.0,0.0,long absence,2313.1272,26.32,6.950333595275879,736.429931640625,27.804000854492188,-7.9120001792907715,525.0,59.64372634887695,4.0,229.0,229.0,2.0,29.30000000000001,29.30000000000001,4.799999999999997,-8.799999999999997,6.1000000000000085,-8.799999999999997,-1.5,-2.1000000000000014,1.294166666666668,-0.139166666666665,1.8033333333333343,0.4966666666666697,0.0,1.0,0.0700000000000026,-1.0166666666666655,385.40000000000003,129.6,80.51666666666668,16.125,161.03333333333336,31.983333333333334,3.0,119.53333333333335,43.73333333333333
e,39.6457,-120.1175,2019.0,0.0,long absence,2218.0296000000003,39.88,6.665333271026611,714.149169921875,27.420000076293945,-7.992000102996826,630.0,62.61745834350586,4.0,278.0,278.0,2.0,28.90000000000001,28.90000000000001,5.200000000000003,-9.099999999999994,5.5,-9.099999999999994,-1.5,-2.1099999999999994,1.2741666666666671,-0.1208333333333323,1.7899999999999991,0.4566666666666681,0.0,1.0,0.0366666666666688,-0.8766666666666652,458.1,175.8,97.41666666666669,21.808333333333337,193.9666666666667,43.21666666666667,3.0,151.63333333333335,59.400000000000006
e,39.7195,-120.6179,2019.0,0.0,long absence,1648.968,17.4,8.512166976928711,661.5464477539062,29.035999298095703,-5.708000183105469,907.0,77.34940338134766,3.0,446.0,167.0,2.0,30.099999999999994,30.099999999999994,6.799999999999997,-6.299999999999997,7.0,-6.299999999999997,-1.7999999999999972,-2.140000000000001,1.6066666666666674,-0.0983333333333321,2.556666666666667,0.5333333333333338,0.0,1.0,-0.3299999999999983,-0.8166666666666652,425.6,25.200000000000003,42.61666666666667,4.808333333333334,85.23333333333333,9.616666666666667,3.0,12.266666666666667,8.4
e,39.7655,-119.9831,2019.0,0.0,long absence,2130.8568,28.57,7.378166675567627,742.3795166015625,28.70400047302246,-7.527999877929687,499.0,56.15920639038086,4.0,210.0,210.0,2.0,30.099999999999994,30.099999999999994,5.6000000000000085,-9.0,6.1000000000000085,-9.0,-1.5499999999999972,-2.1499999999999986,1.3200000000000005,-0.1891666666666651,1.849999999999999,0.490000000000002,0.0,1.0,0.0066666666666677,-1.153333333333331,334.90000000000003,113.30000000000001,66.88333333333334,13.450000000000003,133.76666666666668,26.666666666666668,3.0,104.63333333333334,38.23333333333334
e,39.9391,-121.1323,2019.0,0.0,long absence,1944.0144,43.57,6.366166591644287,631.8948974609375,25.003999710083008,-5.607999801635742,1323.0,73.78965759277344,4.0,614.0,614.0,1.0,25.8,25.8,6.299999999999997,-7.5,5.5,-7.5,-2.490000000000002,-2.75,1.0133333333333336,-1.4875,2.0433333333333343,-1.2300000000000015,1.0,4.0,-1.576666666666668,-1.9466666666666652,604.8000000000001,315.40000000000003,110.5,32.225,219.78333333333333,63.51666666666667,3.0,204.0333333333334,107.00000000000001
e,40.0852,-120.7092,2019.0,0.0,long absence,1902.5616,18.49,7.314499855041504,652.9584350585938,27.20400047302246,-5.776000022888184,774.0,69.21238708496094,4.0,354.0,244.0,2.0,28.10000000000001,28.10000000000001,6.200000000000003,-7.0,5.900000000000006,-7.0,-1.9600000000000009,-2.25,1.543333333333333,-0.2499999999999994,2.280000000000001,0.3966666666666683,0.0,1.0,-0.3933333333333332,-1.1166666666666671,421.8,140.20000000000002,60.58333333333334,16.8,121.16666666666669,33.333333333333336,3.0,59.300000000000004,47.26666666666667
e,40.4119,-120.8863,2019.0,0.0,long absence,1613.9160000000002,12.74,6.5316667556762695,669.3631591796875,26.527999877929688,-6.98799991607666,696.0,63.549564361572266,4.0,302.0,302.0,2.0,27.40000000000001,27.40000000000001,4.700000000000003,-7.5,5.200000000000003,-7.5,-1.75,-2.119999999999997,1.510833333333333,-0.5774999999999988,2.176666666666667,0.8400000000000011,0.0,2.0,-0.3733333333333324,-1.8666666666666647,445.40000000000003,130.20000000000002,82.68333333333335,18.6,164.83333333333334,36.93333333333334,4.0,94.46666666666665,43.93333333333334
f,39.6691,-120.094,2019.0,1.0,recent absence,2136.0384,26.92,7.4116668701171875,715.4473876953125,28.676000595092773,-7.71999979019165,539.0,61.98612594604492,4.0,238.0,238.0,2.0,30.099999999999994,30.099999999999994,6.0,-8.700000000000003,5.900000000000006,-8.700000000000003,-1.519999999999996,-2.0600000000000023,1.3008333333333344,-0.0241666666666654,1.856666666666667,0.826666666666668,0.0,1.0,2.3684757858670005e-15,-0.9799999999999992,372.20000000000005,114.60000000000001,66.925,14.041666666666666,133.85,27.866666666666664,3.0,86.80000000000001,38.63333333333333
f,39.7682,-119.985,2019.0,0.0,long absence,2076.9072,18.93,7.378166675567627,742.3795166015625,28.70400047302246,-7.527999877929687,499.0,56.15920639038086,4.0,210.0,210.0,2.0,30.099999999999994,30.099999999999994,5.6000000000000085,-9.0,6.1000000000000085,-9.0,-1.5499999999999972,-2.1499999999999986,1.3200000000000005,-0.1891666666666651,1.849999999999999,0.490000000000002,0.0,1.0,0.0066666666666677,-1.153333333333331,334.90000000000003,113.30000000000001,66.88333333333334,13.450000000000003,133.76666666666668,26.666666666666668,3.0,104.63333333333334,38.23333333333334
f,39.9659,-121.2128,2019.0,0.0,long absence,1901.0376,26.57,8.097000122070312,648.6333618164062,27.559999465942383,-4.291999816894531,1311.0,77.33058166503906,2.0,624.0,0.0,2.0,28.5,28.5,8.100000000000009,-6.099999999999994,7.200000000000003,-6.099999999999994,-2.280000000000001,-2.490000000000002,1.5983333333333327,-1.1208333333333325,2.4766666666666666,-0.8800000000000002,1.0,3.0,-0.0233333333333334,-1.823333333333333,462.20000000000005,109.7,47.966666666666676,9.341666666666667,95.93333333333335,18.683333333333334,1.0,35.93333333333334,36.56666666666667
f,40.0859,-120.7019,2019.0,0.0,long absence,1641.9576000000002,33.09,6.671499729156494,643.6004638671875,26.1879997253418,-6.156000137329102,782.0,66.67908477783203,4.0,349.0,349.0,2.0,27.10000000000001,27.10000000000001,5.900000000000006,-7.5,5.299999999999997,-7.5,-1.8900000000000008,-2.280000000000001,1.553333333333334,-0.4491666666666661,2.2466666666666675,0.3266666666666656,0.0,1.0,-0.3333333333333333,-1.7199999999999989,453.70000000000005,182.9,83.03333333333335,21.608333333333334,165.33333333333334,42.81666666666667,3.0,123.16666666666667,61.76666666666667
f,40.2178,-120.9939,2019.0,0.0,long absence,1972.056,23.7,6.169000148773193,652.374267578125,25.39200019836425,-6.668000221252441,935.0,66.78227996826172,4.0,412.0,412.0,1.0,26.200000000000003,26.200000000000003,4.700000000000003,-7.700000000000003,5.0,-7.700000000000003,-2.0,-2.3100000000000023,1.4175000000000004,-0.9975,2.270000000000001,-0.0400000000000015,0.0,2.0,-0.5033333333333326,-1.8433333333333335,589.6,221.20000000000002,121.45,29.26666666666667,241.61666666666667,57.95000000000001,4.0,178.9666666666667,74.9
g,39.6037,-120.6012,2019.0,0.0,long absence,1841.9064,32.29,7.381666660308838,648.3322143554688,26.836000442504883,-5.900000095367432,1148.0,76.88945007324219,4.0,553.0,206.0,2.0,28.0,28.0,6.799999999999997,-7.5,6.299999999999997,-7.5,-1.9099999999999968,-2.269999999999996,1.8241666666666676,-0.349999999999999,2.7933333333333343,-0.0466666666666668,0.0,2.0,0.2666666666666681,-0.8166666666666652,566.4,202.3,75.93333333333332,22.166666666666668,151.86666666666665,43.916666666666664,3.0,90.0,68.26666666666667
g,39.7281,-119.9995,2019.0,0.0,long absence,1911.096,26.57,8.167333602905273,742.5935668945312,29.85199928283692,-7.332000255584717,436.0,56.66398239135742,4.0,186.0,125.0,2.0,31.30000000000001,31.30000000000001,6.400000000000006,-8.399999999999991,6.799999999999997,-8.399999999999991,-1.5899999999999963,-2.0600000000000023,1.370000000000002,-0.2250000000000002,1.9933333333333347,0.9133333333333316,0.0,1.0,-0.0266666666666637,-1.823333333333333,274.3,47.2,42.98333333333334,5.966666666666668,85.96666666666668,11.933333333333335,2.0,48.800000000000004,15.733333333333334
g,40.0241,-119.9855,2019.0,0.0,long absence,2278.0752,9.46,8.015666961669922,750.0136108398438,29.492000579833984,-6.4679999351501465,447.0,50.43817901611328,4.0,178.0,121.0,2.0,30.69999999999999,30.69999999999999,6.6000000000000085,-7.599999999999994,6.900000000000006,-7.599999999999994,-1.6700000000000017,-2.0899999999999963,1.5916666666666677,-0.6899999999999983,2.063333333333335,0.5000000000000023,0.0,2.0,-0.1433333333333332,-1.9566666666666637,219.10000000000002,74.2,34.925000000000004,8.058333333333335,69.85000000000001,16.11666666666667,3.0,50.199999999999996,24.733333333333334
g,40.0878,-120.6979,2019.0,0.0,long absence,1648.0536000000002,36.43,6.671499729156494,643.6004638671875,26.1879997253418,-6.156000137329102,782.0,66.67908477783203,4.0,349.0,349.0,2.0,27.10000000000001,27.10000000000001,5.900000000000006,-7.5,5.299999999999997,-7.5,-1.8900000000000008,-2.280000000000001,1.553333333333334,-0.4491666666666661,2.2466666666666675,0.3266666666666656,0.0,1.0,-0.3333333333333333,-1.7199999999999989,453.70000000000005,182.9,83.03333333333335,21.608333333333334,165.33333333333334,42.81666666666667,3.0,123.16666666666667,61.76666666666667
g,40.219,-120.9689,2019.0,0.0,long absence,2040.0264,38.02,6.169000148773193,652.374267578125,25.39200019836425,-6.668000221252441,935.0,66.78227996826172,4.0,412.0,412.0,1.0,26.200000000000003,26.200000000000003,4.700000000000003,-7.700000000000003,5.0,-7.700000000000003,-2.0,-2.3100000000000023,1.4175000000000004,-0.9975,2.270000000000001,-0.0400000000000015,0.0,2.0,-0.5033333333333326,-1.8433333333333335,589.6,221.20000000000002,121.45,29.26666666666667,241.61666666666667,57.95000000000001,4.0,178.9666666666667,74.9
g,40.3083,-120.597,2019.0,0.0,long absence,1614.5256000000002,39.24,7.300000190734863,697.5498657226562,28.1200008392334,-6.995999813079834,523.0,62.375953674316406,4.0,232.0,161.0,2.0,29.099999999999994,29.099999999999994,5.5,-7.5,5.900000000000006,-7.5,-1.8999999999999984,-2.289999999999999,1.4075000000000013,-0.8466666666666652,1.7300000000000015,0.3366666666666684,0.0,2.0,-0.3033333333333322,-2.023333333333331,327.20000000000005,58.1,49.816666666666684,8.316666666666668,99.63333333333337,16.633333333333336,2.0,36.93333333333334,19.366666666666667
h,39.6032,-120.6149,2019.0,0.0,long absence,1680.0576,9.15,7.381666660308838,648.3322143554688,26.836000442504883,-5.900000095367432,1148.0,76.88945007324219,4.0,553.0,206.0,2.0,28.0,28.0,6.799999999999997,-7.5,6.299999999999997,-7.5,-1.9099999999999968,-2.269999999999996,1.8241666666666676,-0.349999999999999,2.7933333333333343,-0.0466666666666668,0.0,2.0,0.2666666666666681,-0.8166666666666652,566.4,202.3,75.93333333333332,22.166666666666668,151.86666666666665,43.916666666666664,3.0,90.0,68.26666666666667
h,39.7304,-119.9966,2019.0,0.0,long absence,1987.9056,16.7,8.167333602905273,742.5935668945312,29.85199928283692,-7.332000255584717,436.0,56.66398239135742,4.0,186.0,125.0,2.0,31.30000000000001,31.30000000000001,6.400000000000006,-8.399999999999991,6.799999999999997,-8.399999999999991,-1.5899999999999963,-2.0600000000000023,1.370000000000002,-0.2250000000000002,1.9933333333333347,0.9133333333333316,0.0,1.0,-0.0266666666666637,-1.823333333333333,274.3,47.2,42.98333333333334,5.966666666666668,85.96666666666668,11.933333333333335,2.0,48.800000000000004,15.733333333333334
h,39.9636,-121.1595,2019.0,0.0,long absence,1882.14,39.81,7.527166843414307,658.7797241210938,27.035999298095703,-5.176000118255615,1241.0,77.71231079101562,4.0,599.0,418.0,2.0,27.8,27.8,6.6000000000000085,-6.5,6.700000000000003,-6.5,-2.25,-2.479999999999997,1.6275000000000002,-0.9241666666666664,2.4800000000000018,-0.8399999999999986,1.0,3.0,0.0199999999999983,-1.7766666666666662,540.4,153.8,66.48333333333333,15.958333333333334,132.96666666666667,31.633333333333336,2.0,57.800000000000004,51.833333333333336
h,40.029,-119.9701,2019.0,0.0,long absence,2189.0736,34.35,8.015666961669922,750.0136108398438,29.492000579833984,-6.4679999351501465,447.0,50.43817901611328,4.0,178.0,121.0,2.0,30.69999999999999,30.69999999999999,6.6000000000000085,-7.599999999999994,6.900000000000006,-7.599999999999994,-1.6700000000000017,-2.0899999999999963,1.5916666666666677,-0.6899999999999983,2.063333333333335,0.5000000000000023,0.0,2.0,-0.1433333333333332,-1.9566666666666637,219.10000000000002,74.2,34.925000000000004,8.058333333333335,69.85000000000001,16.11666666666667,3.0,50.199999999999996,24.733333333333334
h,40.0901,-120.7003,2019.0,0.0,long absence,1695.9072,22.19,6.671499729156494,643.6004638671875,26.1879997253418,-6.156000137329102,782.0,66.67908477783203,4.0,349.0,349.0,2.0,27.10000000000001,27.10000000000001,5.900000000000006,-7.5,5.299999999999997,-7.5,-1.8900000000000008,-2.280000000000001,1.553333333333334,-0.4491666666666661,2.2466666666666675,0.3266666666666656,0.0,1.0,-0.3333333333333333,-1.7199999999999989,453.70000000000005,182.9,83.03333333333335,21.608333333333334,165.33333333333334,42.81666666666667,3.0,123.16666666666667,61.76666666666667
h,40.2118,-120.9494,2019.0,0.0,long absence,2026.92,22.54,6.8373332023620605,673.2882690429688,26.763999938964844,-6.783999919891357,847.0,69.80917358398438,4.0,385.0,385.0,2.0,27.60000000000001,27.60000000000001,4.700000000000003,-7.399999999999991,5.6000000000000085,-7.399999999999991,-1.8800000000000023,-2.1599999999999966,1.447500000000001,-0.6124999999999984,2.336666666666668,0.4700000000000036,0.0,1.0,-0.4533333333333331,-1.6999999999999982,555.4,167.5,96.2,23.59166666666667,191.85000000000002,46.86666666666667,4.0,97.30000000000001,56.46666666666667
h,40.3043,-120.599,2019.0,0.0,long absence,1614.8304,36.55,7.300000190734863,697.5498657226562,28.1200008392334,-6.995999813079834,523.0,62.375953674316406,4.0,232.0,161.0,2.0,29.099999999999994,29.099999999999994,5.5,-7.5,5.900000000000006,-7.5,-1.8999999999999984,-2.289999999999999,1.4075000000000013,-0.8466666666666652,1.7300000000000015,0.3366666666666684,0.0,2.0,-0.3033333333333322,-2.023333333333331,327.20000000000005,58.1,49.816666666666684,8.316666666666668,99.63333333333337,16.633333333333336,2.0,36.93333333333334,19.366666666666667
h+,39.73042203,-119.995549,2019.0,0.0,long absence,2055.2664,16.7,8.167333602905273,742.5935668945312,29.85199928283692,-7.332000255584717,436.0,56.66398239135742,4.0,186.0,125.0,2.0,31.30000000000001,31.30000000000001,6.400000000000006,-8.399999999999991,6.799999999999997,-8.399999999999991,-1.5899999999999963,-2.0600000000000023,1.370000000000002,-0.2250000000000002,1.9933333333333347,0.9133333333333316,0.0,1.0,-0.0266666666666637,-1.823333333333333,274.3,47.2,42.98333333333334,5.966666666666668,85.96666666666668,11.933333333333335,2.0,48.800000000000004,15.733333333333334
h+,39.96345696,-121.16126,2019.0,0.0,long absence,2048.000065536,39.81,7.527166843414307,658.7797241210938,27.035999298095703,-5.176000118255615,1241.0,77.71231079101562,4.0,599.0,418.0,2.0,27.8,27.8,6.6000000000000085,-6.5,6.700000000000003,-6.5,-2.25,-2.479999999999997,1.6275000000000002,-0.9241666666666664,2.4800000000000018,-0.8399999999999986,1.0,3.0,0.0199999999999983,-1.7766666666666662,540.4,153.8,66.48333333333333,15.958333333333334,132.96666666666667,31.633333333333336,2.0,57.800000000000004,51.833333333333336
i,40.084,-120.673,2019.0,0.0,long absence,1455.1152000000002,23.24,6.671499729156494,643.6004638671875,26.1879997253418,-6.156000137329102,782.0,66.67908477783203,4.0,349.0,349.0,2.0,27.10000000000001,27.10000000000001,5.900000000000006,-7.5,5.299999999999997,-7.5,-1.8900000000000008,-2.280000000000001,1.553333333333334,-0.4491666666666661,2.2466666666666675,0.3266666666666656,0.0,1.0,-0.3333333333333333,-1.7199999999999989,453.70000000000005,182.9,83.03333333333335,21.608333333333334,165.33333333333334,42.81666666666667,3.0,123.16666666666667,61.76666666666667
i1,39.6142,-120.6178,2019.0,0.0,long absence,1844.9544,15.24,7.381666660308838,648.3322143554688,26.836000442504883,-5.900000095367432,1148.0,76.88945007324219,4.0,553.0,206.0,2.0,28.0,28.0,6.799999999999997,-7.5,6.299999999999997,-7.5,-1.9099999999999968,-2.269999999999996,1.8241666666666676,-0.349999999999999,2.7933333333333343,-0.0466666666666668,0.0,2.0,0.2666666666666681,-0.8166666666666652,566.4,202.3,75.93333333333332,22.166666666666668,151.86666666666665,43.916666666666664,3.0,90.0,68.26666666666667
i2,39.61348803,-120.619342,2019.0,0.0,long absence,1841.6016,15.23,7.381666660308838,648.3322143554688,26.836000442504883,-5.900000095367432,1148.0,76.88945007324219,4.0,553.0,206.0,2.0,28.0,28.0,6.799999999999997,-7.5,6.299999999999997,-7.5,-1.9099999999999968,-2.269999999999996,1.8241666666666676,-0.349999999999999,2.7933333333333343,-0.0466666666666668,0.0,2.0,0.2666666666666681,-0.8166666666666652,566.4,202.3,75.93333333333332,22.166666666666668,151.86666666666665,43.916666666666664,3.0,90.0,68.26666666666667
j,39.9406,-121.1448,2019.0,0.0,long absence,1969.008,35.84,6.366166591644287,631.8948974609375,25.003999710083008,-5.607999801635742,1323.0,73.78965759277344,4.0,614.0,614.0,1.0,25.8,25.8,6.299999999999997,-7.5,5.5,-7.5,-2.490000000000002,-2.75,1.0133333333333336,-1.4875,2.0433333333333343,-1.2300000000000015,1.0,4.0,-1.576666666666668,-1.9466666666666652,604.8000000000001,315.40000000000003,110.5,32.225,219.78333333333333,63.51666666666667,3.0,204.0333333333334,107.00000000000001
j,40.02507401,-119.971876,2019.0,0.0,long absence,2350.0000752,25.32,8.015666961669922,750.0136108398438,29.492000579833984,-6.4679999351501465,447.0,50.43817901611328,4.0,178.0,121.0,2.0,30.69999999999999,30.69999999999999,6.6000000000000085,-7.599999999999994,6.900000000000006,-7.599999999999994,-1.6700000000000017,-2.0899999999999963,1.5916666666666677,-0.6899999999999983,2.063333333333335,0.5000000000000023,0.0,2.0,-0.1433333333333332,-1.9566666666666637,219.10000000000002,74.2,34.925000000000004,8.058333333333335,69.85000000000001,16.11666666666667,3.0,50.199999999999996,24.733333333333334
j,40.0859,-120.6794,2019.0,0.0,long absence,1480.1088,26.77,6.671499729156494,643.6004638671875,26.1879997253418,-6.156000137329102,782.0,66.67908477783203,4.0,349.0,349.0,2.0,27.10000000000001,27.10000000000001,5.900000000000006,-7.5,5.299999999999997,-7.5,-1.8900000000000008,-2.280000000000001,1.553333333333334,-0.4491666666666661,2.2466666666666675,0.3266666666666656,0.0,1.0,-0.3333333333333333,-1.7199999999999989,453.70000000000005,182.9,83.03333333333335,21.608333333333334,165.33333333333334,42.81666666666667,3.0,123.16666666666667,61.76666666666667
k,39.5081,-120.046,2019.0,1.0,recent absence,2192.1216,27.45,6.319499969482422,712.941162109375,26.60400009155273,-8.420000076293945,649.0,65.4400863647461,4.0,292.0,292.0,2.0,28.200000000000003,28.200000000000003,4.5,-9.200000000000005,5.5,-9.200000000000005,-1.4799999999999969,-2.1300000000000026,1.2866666666666682,-0.114999999999999,1.8100000000000025,0.4366666666666698,0.0,1.0,0.080000000000003,-0.8233333333333329,501.40000000000003,205.4,109.00833333333334,26.8,217.03333333333333,53.13333333333333,4.0,168.4,69.4
k,39.8024,-119.9664,2019.0,0.0,long absence,2225.04,16.65,7.327000141143799,740.9981079101562,28.54800033569336,-7.579999923706055,481.0,55.28632736206055,4.0,199.0,199.0,2.0,29.80000000000001,29.80000000000001,5.400000000000006,-8.799999999999997,6.200000000000003,-8.799999999999997,-1.5399999999999991,-2.140000000000001,1.3458333333333343,-0.3374999999999997,1.890000000000003,0.5,0.0,1.0,0.003333333333335,-1.7799999999999987,320.20000000000005,110.4,63.00833333333333,13.325000000000003,126.01666666666667,26.433333333333337,3.0,93.93333333333334,37.233333333333334
k,39.9683,-121.2239,2019.0,0.0,long absence,1848.9168,6.97,8.097000122070312,648.6333618164062,27.559999465942383,-4.291999816894531,1311.0,77.33058166503906,2.0,624.0,0.0,2.0,28.5,28.5,8.100000000000009,-6.099999999999994,7.200000000000003,-6.099999999999994,-2.280000000000001,-2.490000000000002,1.5983333333333327,-1.1208333333333325,2.4766666666666666,-0.8800000000000002,1.0,3.0,-0.0233333333333334,-1.823333333333333,462.20000000000005,109.7,47.966666666666676,9.341666666666667,95.93333333333335,18.683333333333334,1.0,35.93333333333334,36.56666666666667
k,40.02595101,-119.979231,2019.0,0.0,long absence,2374.000075968,9.77,8.015666961669922,750.0136108398438,29.492000579833984,-6.4679999351501465,447.0,50.43817901611328,4.0,178.0,121.0,2.0,30.69999999999999,30.69999999999999,6.6000000000000085,-7.599999999999994,6.900000000000006,-7.599999999999994,-1.6700000000000017,-2.0899999999999963,1.5916666666666677,-0.6899999999999983,2.063333333333335,0.5000000000000023,0.0,2.0,-0.1433333333333332,-1.9566666666666637,219.10000000000002,74.2,34.925000000000004,8.058333333333335,69.85000000000001,16.11666666666667,3.0,50.199999999999996,24.733333333333334
k,40.0901,-120.6761,2019.0,0.0,long absence,1584.0456,24.24,6.671499729156494,643.6004638671875,26.1879997253418,-6.156000137329102,782.0,66.67908477783203,4.0,349.0,349.0,2.0,27.10000000000001,27.10000000000001,5.900000000000006,-7.5,5.299999999999997,-7.5,-1.8900000000000008,-2.280000000000001,1.553333333333334,-0.4491666666666661,2.2466666666666675,0.3266666666666656,0.0,1.0,-0.3333333333333333,-1.7199999999999989,453.70000000000005,182.9,83.03333333333335,21.608333333333334,165.33333333333334,42.81666666666667,3.0,123.16666666666667,61.76666666666667
k+,39.50806498,-120.047732,2019.0,1.0,recent absence,2270.4552000000003,27.02,6.319499969482422,712.941162109375,26.60400009155273,-8.420000076293945,649.0,65.4400863647461,4.0,292.0,292.0,2.0,28.200000000000003,28.200000000000003,4.5,-9.200000000000005,5.5,-9.200000000000005,-1.4799999999999969,-2.1300000000000026,1.2866666666666682,-0.114999999999999,1.8100000000000025,0.4366666666666698,0.0,1.0,0.080000000000003,-0.8233333333333329,501.40000000000003,205.4,109.00833333333334,26.8,217.03333333333333,53.13333333333333,4.0,168.4,69.4
l,39.67115,-120.09426,2019.0,1.0,recent absence,2286.0,25.46,7.4116668701171875,715.4473876953125,28.676000595092773,-7.71999979019165,539.0,61.98612594604492,4.0,238.0,238.0,2.0,30.099999999999994,30.099999999999994,6.0,-8.700000000000003,5.900000000000006,-8.700000000000003,-1.519999999999996,-2.0600000000000023,1.3008333333333344,-0.0241666666666654,1.856666666666667,0.826666666666668,0.0,1.0,2.3684757858670005e-15,-0.9799999999999992,372.20000000000005,114.60000000000001,66.925,14.041666666666666,133.85,27.866666666666664,3.0,86.80000000000001,38.63333333333333
l,39.979,-121.2083,2019.0,0.0,long absence,1908.9624,26.2,7.489666938781738,657.4688720703125,27.011999130249023,-5.291999816894531,1264.0,77.37447357177734,4.0,606.0,424.0,2.0,27.8,27.8,6.700000000000003,-6.700000000000003,6.6000000000000085,-6.700000000000003,-2.259999999999998,-2.5,1.6025000000000005,-1.0966666666666665,2.460000000000001,-0.8733333333333325,1.0,3.0,-0.0066666666666653,-1.8200000000000005,530.8000000000001,149.5,65.64999999999999,14.883333333333333,131.29999999999998,29.483333333333334,2.0,60.26666666666667,50.4
l,40.02529998,-119.98081,2019.0,0.0,long absence,2308.000073856,31.44,8.015666961669922,750.0136108398438,29.492000579833984,-6.4679999351501465,447.0,50.43817901611328,4.0,178.0,121.0,2.0,30.69999999999999,30.69999999999999,6.6000000000000085,-7.599999999999994,6.900000000000006,-7.599999999999994,-1.6700000000000017,-2.0899999999999963,1.5916666666666677,-0.6899999999999983,2.063333333333335,0.5000000000000023,0.0,2.0,-0.1433333333333332,-1.9566666666666637,219.10000000000002,74.2,34.925000000000004,8.058333333333335,69.85000000000001,16.11666666666667,3.0,50.199999999999996,24.733333333333334
l,40.0917,-120.678,2019.0,0.0,long absence,1687.068,37.24,6.671499729156494,643.6004638671875,26.1879997253418,-6.156000137329102,782.0,66.67908477783203,4.0,349.0,349.0,2.0,27.10000000000001,27.10000000000001,5.900000000000006,-7.5,5.299999999999997,-7.5,-1.8900000000000008,-2.280000000000001,1.553333333333334,-0.4491666666666661,2.2466666666666675,0.3266666666666656,0.0,1.0,-0.3333333333333333,-1.7199999999999989,453.70000000000005,182.9,83.03333333333335,21.608333333333334,165.33333333333334,42.81666666666667,3.0,123.16666666666667,61.76666666666667
l,40.2927,-120.5917,2019.0,0.0,long absence,1616.0496,9.15,7.300000190734863,697.5498657226562,28.1200008392334,-6.995999813079834,523.0,62.375953674316406,4.0,232.0,161.0,2.0,29.099999999999994,29.099999999999994,5.5,-7.5,5.900000000000006,-7.5,-1.8999999999999984,-2.289999999999999,1.4075000000000013,-0.8466666666666652,1.7300000000000015,0.3366666666666684,0.0,2.0,-0.3033333333333322,-2.023333333333331,327.20000000000005,58.1,49.816666666666684,8.316666666666668,99.63333333333337,16.633333333333336,2.0,36.93333333333334,19.366666666666667
m,39.9768,-121.1988,2019.0,0.0,long absence,1791.9192,31.86,7.489666938781738,657.4688720703125,27.011999130249023,-5.291999816894531,1264.0,77.37447357177734,4.0,606.0,424.0,2.0,27.8,27.8,6.700000000000003,-6.700000000000003,6.6000000000000085,-6.700000000000003,-2.259999999999998,-2.5,1.6025000000000005,-1.0966666666666665,2.460000000000001,-0.8733333333333325,1.0,3.0,-0.0066666666666653,-1.8200000000000005,530.8000000000001,149.5,65.64999999999999,14.883333333333333,131.29999999999998,29.483333333333334,2.0,60.26666666666667,50.4
m,40.02450999,-119.983509,2019.0,0.0,long absence,2232.000071424,19.39,8.015666961669922,750.0136108398438,29.492000579833984,-6.4679999351501465,447.0,50.43817901611328,4.0,178.0,121.0,2.0,30.69999999999999,30.69999999999999,6.6000000000000085,-7.599999999999994,6.900000000000006,-7.599999999999994,-1.6700000000000017,-2.0899999999999963,1.5916666666666677,-0.6899999999999983,2.063333333333335,0.5000000000000023,0.0,2.0,-0.1433333333333332,-1.9566666666666637,219.10000000000002,74.2,34.925000000000004,8.058333333333335,69.85000000000001,16.11666666666667,3.0,50.199999999999996,24.733333333333334
m,40.0928,-120.6747,2019.0,0.0,long absence,1740.1032,2.86,6.671499729156494,643.6004638671875,26.1879997253418,-6.156000137329102,782.0,66.67908477783203,4.0,349.0,349.0,2.0,27.10000000000001,27.10000000000001,5.900000000000006,-7.5,5.299999999999997,-7.5,-1.8900000000000008,-2.280000000000001,1.553333333333334,-0.4491666666666661,2.2466666666666675,0.3266666666666656,0.0,1.0,-0.3333333333333333,-1.7199999999999989,453.70000000000005,182.9,83.03333333333335,21.608333333333334,165.33333333333334,42.81666666666667,3.0,123.16666666666667,61.76666666666667
m1,39.9962,-120.3272,2019.0,0.0,long absence,2206.1424,29.06,6.079999923706055,685.7451782226562,26.200000762939453,-7.504000186920166,660.0,60.14823913574219,4.0,280.0,280.0,2.0,27.3,27.3,4.799999999999997,-9.299999999999995,4.900000000000006,-9.299999999999995,-1.509999999999998,-2.1899999999999977,1.6816666666666684,-0.2366666666666657,1.8300000000000007,0.3333333333333357,0.0,1.0,0.6233333333333348,-1.0899999999999987,493.8,203.20000000000002,100.04166666666667,24.816666666666666,199.03333333333333,49.1,3.0,166.70000000000002,68.8
m2,39.99627597,-120.325406,2019.0,0.0,long absence,2217.7248,37.46,6.079999923706055,685.7451782226562,26.200000762939453,-7.504000186920166,660.0,60.14823913574219,4.0,280.0,280.0,2.0,27.3,27.3,4.799999999999997,-9.299999999999995,4.900000000000006,-9.299999999999995,-1.509999999999998,-2.1899999999999977,1.6816666666666684,-0.2366666666666657,1.8300000000000007,0.3333333333333357,0.0,1.0,0.6233333333333348,-1.0899999999999987,493.8,203.20000000000002,100.04166666666667,24.816666666666666,199.03333333333333,49.1,3.0,166.70000000000002,68.8
n,39.9766,-121.1859,2019.0,0.0,long absence,1772.1072,2.48,7.489666938781738,657.4688720703125,27.011999130249023,-5.291999816894531,1264.0,77.37447357177734,4.0,606.0,424.0,2.0,27.8,27.8,6.700000000000003,-6.700000000000003,6.6000000000000085,-6.700000000000003,-2.259999999999998,-2.5,1.6025000000000005,-1.0966666666666665,2.460000000000001,-0.8733333333333325,1.0,3.0,-0.0066666666666653,-1.8200000000000005,530.8000000000001,149.5,65.64999999999999,14.883333333333333,131.29999999999998,29.483333333333334,2.0,60.26666666666667,50.4
n,40.0002,-120.3207,2019.0,0.0,long absence,2281.1232,35.17,5.888166904449463,690.4649047851562,26.05599975585937,-7.835999965667725,661.0,58.95857620239258,4.0,279.0,279.0,1.0,27.200000000000003,27.200000000000003,4.5,-9.399999999999991,4.799999999999997,-9.399999999999991,-1.509999999999998,-2.1700000000000017,1.6791666666666671,-0.2608333333333323,1.7999999999999996,0.3033333333333345,0.0,1.0,0.6300000000000002,-1.1133333333333322,503.0,202.8,101.85833333333335,25.55,202.5666666666667,50.48333333333334,4.0,169.96666666666667,68.83333333333333
n,40.02106301,-119.992619,2019.0,0.0,long absence,2115.00006768,5.12,8.015666961669922,750.0136108398438,29.492000579833984,-6.4679999351501465,447.0,50.43817901611328,4.0,178.0,121.0,2.0,30.69999999999999,30.69999999999999,6.6000000000000085,-7.599999999999994,6.900000000000006,-7.599999999999994,-1.6700000000000017,-2.0899999999999963,1.5916666666666677,-0.6899999999999983,2.063333333333335,0.5000000000000023,0.0,2.0,-0.1433333333333332,-1.9566666666666637,219.10000000000002,74.2,34.925000000000004,8.058333333333335,69.85000000000001,16.11666666666667,3.0,50.199999999999996,24.733333333333334
n,40.0952,-120.682,2019.0,0.0,long absence,1933.3464,34.05,6.671499729156494,643.6004638671875,26.1879997253418,-6.156000137329102,782.0,66.67908477783203,4.0,349.0,349.0,2.0,27.10000000000001,27.10000000000001,5.900000000000006,-7.5,5.299999999999997,-7.5,-1.8900000000000008,-2.280000000000001,1.553333333333334,-0.4491666666666661,2.2466666666666675,0.3266666666666656,0.0,1.0,-0.3333333333333333,-1.7199999999999989,453.70000000000005,182.9,83.03333333333335,21.608333333333334,165.33333333333334,42.81666666666667,3.0,123.16666666666667,61.76666666666667
n,40.1187,-120.3124,2019.0,0.0,long absence,1616.6592,34.13,6.902166843414307,710.136474609375,27.808000564575195,-7.599999904632568,545.0,57.58522415161133,4.0,226.0,226.0,2.0,28.90000000000001,28.90000000000001,5.400000000000006,-8.200000000000003,5.799999999999997,-8.200000000000003,-1.6499999999999986,-2.269999999999996,1.5350000000000008,-0.4024999999999992,1.856666666666667,0.413333333333334,0.0,1.0,-0.086666666666666,-1.8866666666666656,346.1,127.30000000000001,64.375,15.558333333333332,128.75,30.866666666666664,3.0,86.2,42.93333333333334
o,39.9787,-121.1885,2019.0,0.0,long absence,1823.0088,39.65,7.489666938781738,657.4688720703125,27.011999130249023,-5.291999816894531,1264.0,77.37447357177734,4.0,606.0,424.0,2.0,27.8,27.8,6.700000000000003,-6.700000000000003,6.6000000000000085,-6.700000000000003,-2.259999999999998,-2.5,1.6025000000000005,-1.0966666666666665,2.460000000000001,-0.8733333333333325,1.0,3.0,-0.0066666666666653,-1.8200000000000005,530.8000000000001,149.5,65.64999999999999,14.883333333333333,131.29999999999998,29.483333333333334,2.0,60.26666666666667,50.4
o,40.01541001,-119.999208,2019.0,0.0,long absence,2078.000066496,10.7,8.015666961669922,750.0136108398438,29.492000579833984,-6.4679999351501465,447.0,50.43817901611328,4.0,178.0,121.0,2.0,30.69999999999999,30.69999999999999,6.6000000000000085,-7.599999999999994,6.900000000000006,-7.599999999999994,-1.6700000000000017,-2.0899999999999963,1.5916666666666677,-0.6899999999999983,2.063333333333335,0.5000000000000023,0.0,2.0,-0.1433333333333332,-1.9566666666666637,219.10000000000002,74.2,34.925000000000004,8.058333333333335,69.85000000000001,16.11666666666667,3.0,50.199999999999996,24.733333333333334
o,40.1026,-120.6796,2019.0,0.0,long absence,2221.992,17.37,6.671499729156494,643.6004638671875,26.1879997253418,-6.156000137329102,782.0,66.67908477783203,4.0,349.0,349.0,2.0,27.10000000000001,27.10000000000001,5.900000000000006,-7.5,5.299999999999997,-7.5,-1.8900000000000008,-2.280000000000001,1.553333333333334,-0.4491666666666661,2.2466666666666675,0.3266666666666656,0.0,1.0,-0.3333333333333333,-1.7199999999999989,453.70000000000005,182.9,83.03333333333335,21.608333333333334,165.33333333333334,42.81666666666667,3.0,123.16666666666667,61.76666666666667
o,40.122,-120.3141,2019.0,0.0,long absence,1616.9640000000002,6.65,6.902166843414307,710.136474609375,27.808000564575195,-7.599999904632568,545.0,57.58522415161133,4.0,226.0,226.0,2.0,28.90000000000001,28.90000000000001,5.400000000000006,-8.200000000000003,5.799999999999997,-8.200000000000003,-1.6499999999999986,-2.269999999999996,1.5350000000000008,-0.4024999999999992,1.856666666666667,0.413333333333334,0.0,1.0,-0.086666666666666,-1.8866666666666656,346.1,127.30000000000001,64.375,15.558333333333332,128.75,30.866666666666664,3.0,86.2,42.93333333333334
p,40.025047,-119.977423,2019.0,0.0,long absence,2333.000074656,26.0,8.015666961669922,750.0136108398438,29.492000579833984,-6.4679999351501465,447.0,50.43817901611328,4.0,178.0,121.0,2.0,30.69999999999999,30.69999999999999,6.6000000000000085,-7.599999999999994,6.900000000000006,-7.599999999999994,-1.6700000000000017,-2.0899999999999963,1.5916666666666677,-0.6899999999999983,2.063333333333335,0.5000000000000023,0.0,2.0,-0.1433333333333332,-1.9566666666666637,219.10000000000002,74.2,34.925000000000004,8.058333333333335,69.85000000000001,16.11666666666667,3.0,50.199999999999996,24.733333333333334
q,39.9697,-121.1577,2019.0,0.0,long absence,1687.9824,16.41,7.527166843414307,658.7797241210938,27.035999298095703,-5.176000118255615,1241.0,77.71231079101562,4.0,599.0,418.0,2.0,27.8,27.8,6.6000000000000085,-6.5,6.700000000000003,-6.5,-2.25,-2.479999999999997,1.6275000000000002,-0.9241666666666664,2.4800000000000018,-0.8399999999999986,1.0,3.0,0.0199999999999983,-1.7766666666666662,540.4,153.8,66.48333333333333,15.958333333333334,132.96666666666667,31.633333333333336,2.0,57.800000000000004,51.833333333333336
q,40.015704,-119.974532,2019.0,0.0,long absence,2069.000066208,14.93,8.015666961669922,750.0136108398438,29.492000579833984,-6.4679999351501465,447.0,50.43817901611328,4.0,178.0,121.0,2.0,30.69999999999999,30.69999999999999,6.6000000000000085,-7.599999999999994,6.900000000000006,-7.599999999999994,-1.6700000000000017,-2.0899999999999963,1.5916666666666677,-0.6899999999999983,2.063333333333335,0.5000000000000023,0.0,2.0,-0.1433333333333332,-1.9566666666666637,219.10000000000002,74.2,34.925000000000004,8.058333333333335,69.85000000000001,16.11666666666667,3.0,50.199999999999996,24.733333333333334
q+,39.96800004,-121.160016,2019.0,1.0,recent absence,1783.000057056,21.0,7.527166843414307,658.7797241210938,27.035999298095703,-5.176000118255615,1241.0,77.71231079101562,4.0,599.0,418.0,2.0,27.8,27.8,6.6000000000000085,-6.5,6.700000000000003,-6.5,-2.25,-2.479999999999997,1.6275000000000002,-0.9241666666666664,2.4800000000000018,-0.8399999999999986,1.0,3.0,0.0199999999999983,-1.7766666666666662,540.4,153.8,66.48333333333333,15.958333333333334,132.96666666666667,31.633333333333336,2.0,57.800000000000004,51.833333333333336
r,40.014774,-119.972708,2019.0,0.0,long absence,2077.000066464,14.22,8.015666961669922,750.0136108398438,29.492000579833984,-6.4679999351501465,447.0,50.43817901611328,4.0,178.0,121.0,2.0,30.69999999999999,30.69999999999999,6.6000000000000085,-7.599999999999994,6.900000000000006,-7.599999999999994,-1.6700000000000017,-2.0899999999999963,1.5916666666666677,-0.6899999999999983,2.063333333333335,0.5000000000000023,0.0,2.0,-0.1433333333333332,-1.9566666666666637,219.10000000000002,74.2,34.925000000000004,8.058333333333335,69.85000000000001,16.11666666666667,3.0,50.199999999999996,24.733333333333334
s,40.024616,-119.977978,2019.0,0.0,long absence,2320.00007424,25.28,8.015666961669922,750.0136108398438,29.492000579833984,-6.4679999351501465,447.0,50.43817901611328,4.0,178.0,121.0,2.0,30.69999999999999,30.69999999999999,6.6000000000000085,-7.599999999999994,6.900000000000006,-7.599999999999994,-1.6700000000000017,-2.0899999999999963,1.5916666666666677,-0.6899999999999983,2.063333333333335,0.5000000000000023,0.0,2.0,-0.1433333333333332,-1.9566666666666637,219.10000000000002,74.2,34.925000000000004,8.058333333333335,69.85000000000001,16.11666666666667,3.0,50.199999999999996,24.733333333333334
s+,39.96616004,-121.163272,2019.0,0.0,long absence,1980.00006336,36.15,7.527166843414307,658.7797241210938,27.035999298095703,-5.176000118255615,1241.0,77.71231079101562,4.0,599.0,418.0,2.0,27.8,27.8,6.6000000000000085,-6.5,6.700000000000003,-6.5,-2.25,-2.479999999999997,1.6275000000000002,-0.9241666666666664,2.4800000000000018,-0.8399999999999986,1.0,3.0,0.0199999999999983,-1.7766666666666662,540.4,153.8,66.48333333333333,15.958333333333334,132.96666666666667,31.633333333333336,2.0,57.800000000000004,51.833333333333336
s++,39.96604898,-121.165505,2019.0,0.0,long absence,1987.000063584,40.82,7.527166843414307,658.7797241210938,27.035999298095703,-5.176000118255615,1241.0,77.71231079101562,4.0,599.0,418.0,2.0,27.8,27.8,6.6000000000000085,-6.5,6.700000000000003,-6.5,-2.25,-2.479999999999997,1.6275000000000002,-0.9241666666666664,2.4800000000000018,-0.8399999999999986,1.0,3.0,0.0199999999999983,-1.7766666666666662,540.4,153.8,66.48333333333333,15.958333333333334,132.96666666666667,31.633333333333336,2.0,57.800000000000004,51.833333333333336
t,40.016151,-119.978987,2019.0,0.0,long absence,2105.00006736,25.71,8.015666961669922,750.0136108398438,29.492000579833984,-6.4679999351501465,447.0,50.43817901611328,4.0,178.0,121.0,2.0,30.69999999999999,30.69999999999999,6.6000000000000085,-7.599999999999994,6.900000000000006,-7.599999999999994,-1.6700000000000017,-2.0899999999999963,1.5916666666666677,-0.6899999999999983,2.063333333333335,0.5000000000000023,0.0,2.0,-0.1433333333333332,-1.9566666666666637,219.10000000000002,74.2,34.925000000000004,8.058333333333335,69.85000000000001,16.11666666666667,3.0,50.199999999999996,24.733333333333334
u,40.016863,-119.975075,2019.0,0.0,long absence,2122.000067904,30.49,8.015666961669922,750.0136108398438,29.492000579833984,-6.4679999351501465,447.0,50.43817901611328,4.0,178.0,121.0,2.0,30.69999999999999,30.69999999999999,6.6000000000000085,-7.599999999999994,6.900000000000006,-7.599999999999994,-1.6700000000000017,-2.0899999999999963,1.5916666666666677,-0.6899999999999983,2.063333333333335,0.5000000000000023,0.0,2.0,-0.1433333333333332,-1.9566666666666637,219.10000000000002,74.2,34.925000000000004,8.058333333333335,69.85000000000001,16.11666666666667,3.0,50.199999999999996,24.733333333333334
GB_extirp_Bodie-3,38.1888,-119.009567,2014.0,0.0,extirpated_GreatBasin,2602.0,17.29,4.481833457946777,697.6474609375,26.07999992370605,-12.947999954223633,366.0,50.6943473815918,4.0,155.0,194.0,1.0,26.90000000000001,26.90000000000001,12.0,-10.899999999999991,1.5,-10.899999999999991,-5.25,-4.839999999999996,-4.48,-4.038333333333333,-4.716666666666666,-4.479999999999997,12.0,12.0,-4.37,-3.4500000000000006,52.800000000000004,115.9,11.625,24.09166666666667,23.25,48.18333333333334,4.0,7.2,13.200000000000001
GB_extirp_Mas-1,38.3499,-119.149067,2013.0,0.0,extirpated_GreatBasin,2496.0,7.55,4.977833271026611,691.0394897460938,25.895999908447266,-11.128000259399414,376.0,50.89371109008789,4.0,159.0,200.0,2.0,27.10000000000001,27.10000000000001,7.200000000000003,-13.799999999999995,4.700000000000003,-13.799999999999995,-4.659999999999997,-3.699999999999996,-3.949999999999999,-3.120833333333332,-4.343333333333331,-3.616666666666665,12.0,12.0,-3.366666666666665,-2.413333333333332,123.60000000000001,101.60000000000001,23.708333333333332,14.841666666666669,47.416666666666664,29.683333333333337,3.0,7.066666666666667,17.2
GB_extirp_Aurora-1,38.304083,-118.901483,2014.0,0.0,extirpated_GreatBasin,2113.0,7.93,6.710833549499512,737.2382202148438,28.86400032043457,-10.85200023651123,240.0,37.05283737182617,1.0,93.0,93.0,4.0,30.5,30.5,13.799999999999995,-9.099999999999994,4.5,-9.099999999999994,-6.210000000000001,-4.229999999999997,-5.19,-3.721666666666666,-5.640000000000001,-4.013333333333333,12.0,12.0,-4.400000000000001,-3.3433333333333337,24.200000000000003,66.8,2.016666666666667,11.933333333333332,4.033333333333334,23.866666666666664,3.0,0.0,0.0
GB_extirp_MOLY-3,38.24495,-119.433944,2008.0,0.0,extirpated_GreatBasin,2768.0,22.89,1.806666612625122,655.3443603515625,21.083999633789062,-12.527999877929688,699.0,64.70633697509766,6.0,321.0,544.0,0.0,23.8,23.8,3.0,-12.799999999999995,0.2000000000000028,-12.799999999999995,-3.5,-4.030000000000001,-3.1183333333333327,-3.2008333333333305,-3.133333333333333,-3.5999999999999965,12.0,12.0,-2.8800000000000003,-2.949999999999998,437.6,259.3,155.60833333333332,79.61666666666667,216.1,114.7,5.0,336.1,168.66666666666666
GB_extirp_Aurora-2,38.275383,-118.9004,2014.0,0.0,extirpated_GreatBasin,2403.0,18.43,4.860499858856201,701.9013671875,26.17200088500977,-12.116000175476074,311.0,43.01957702636719,2.0,124.0,156.0,1.0,27.5,27.5,12.600000000000009,-10.200000000000005,2.200000000000003,-10.200000000000005,-6.159999999999997,-4.780000000000001,-5.151666666666666,-4.029166666666666,-5.626666666666665,-4.496666666666665,12.0,12.0,-4.496666666666667,-3.366666666666667,39.7,96.2,5.050000000000001,18.0,10.100000000000001,36.0,3.0,0.0,3.233333333333334
GB_extirp_Aurora-3,38.274017,-118.900783,2014.0,0.0,extirpated_GreatBasin,2433.0,0.32,4.860499858856201,701.9013671875,26.17200088500977,-12.116000175476074,311.0,43.01957702636719,2.0,124.0,156.0,1.0,27.5,27.5,12.600000000000009,-10.200000000000005,2.200000000000003,-10.200000000000005,-6.159999999999997,-4.780000000000001,-5.151666666666666,-4.029166666666666,-5.626666666666665,-4.496666666666665,12.0,12.0,-4.496666666666667,-3.366666666666667,39.7,96.2,5.050000000000001,18.0,10.100000000000001,36.0,3.0,0.0,3.233333333333334
GB_extirp_Aurora-4,38.273167,-118.89875,2014.0,0.0,extirpated_GreatBasin,2455.0,25.59,4.860499858856201,701.9013671875,26.17200088500977,-12.116000175476074,311.0,43.01957702636719,2.0,124.0,156.0,1.0,27.5,27.5,12.600000000000009,-10.200000000000005,2.200000000000003,-10.200000000000005,-6.159999999999997,-4.780000000000001,-5.151666666666666,-4.029166666666666,-5.626666666666665,-4.496666666666665,12.0,12.0,-4.496666666666667,-3.366666666666667,39.7,96.2,5.050000000000001,18.0,10.100000000000001,36.0,3.0,0.0,3.233333333333334
GB_extirp_Aurora-5,38.272133,-118.898983,2014.0,0.0,extirpated_GreatBasin,2509.0,21.04,4.860499858856201,701.9013671875,26.17200088500977,-12.116000175476074,311.0,43.01957702636719,2.0,124.0,156.0,1.0,27.5,27.5,12.600000000000009,-10.200000000000005,2.200000000000003,-10.200000000000005,-6.159999999999997,-4.780000000000001,-5.151666666666666,-4.029166666666666,-5.626666666666665,-4.496666666666665,12.0,12.0,-4.496666666666667,-3.366666666666667,39.7,96.2,5.050000000000001,18.0,10.100000000000001,36.0,3.0,0.0,3.233333333333334
GB_extirp_AUR-BP-1,38.277217,-118.901467,2014.0,0.0,extirpated_GreatBasin,2338.0,13.22,4.860499858856201,701.9013671875,26.17200088500977,-12.116000175476074,311.0,43.01957702636719,2.0,124.0,156.0,1.0,27.5,27.5,12.600000000000009,-10.200000000000005,2.200000000000003,-10.200000000000005,-6.159999999999997,-4.780000000000001,-5.151666666666666,-4.029166666666666,-5.626666666666665,-4.496666666666665,12.0,12.0,-4.496666666666667,-3.366666666666667,39.7,96.2,5.050000000000001,18.0,10.100000000000001,36.0,3.0,0.0,3.233333333333334
GB_extirp_Brawley-2,38.255283,-118.90945,2014.0,0.0,extirpated_GreatBasin,2847.0,7.28,4.860499858856201,701.9013671875,26.17200088500977,-12.116000175476074,311.0,43.01957702636719,2.0,124.0,156.0,1.0,27.5,27.5,12.600000000000009,-10.200000000000005,2.200000000000003,-10.200000000000005,-6.159999999999997,-4.780000000000001,-5.151666666666666,-4.029166666666666,-5.626666666666665,-4.496666666666665,12.0,12.0,-4.496666666666667,-3.366666666666667,39.7,96.2,5.050000000000001,18.0,10.100000000000001,36.0,3.0,0.0,3.233333333333334
GB_extirp_SLD-3,42.685667,-120.739117,2014.0,0.0,extirpated_GreatBasin,1967.0,15.96,4.108999729156494,635.017822265625,22.8759994506836,-7.964000225067139,550.0,40.76643371582031,5.0,195.0,322.0,1.0,26.0,26.0,7.0,-6.700000000000003,0.9000000000000057,-6.700000000000003,-4.630000000000003,-3.140000000000001,-3.8866666666666654,-2.4708333333333314,-4.530000000000001,-2.92333333333333,12.0,9.0,-3.506666666666665,-2.273333333333333,100.4,211.0,23.866666666666674,54.30833333333334,46.76666666666667,102.38333333333334,5.0,19.0,76.43333333333334
GB_extirp_SLD-4,42.685483,-120.738867,2010.0,0.0,extirpated_GreatBasin,1961.0,15.96,4.108999729156494,635.017822265625,22.8759994506836,-7.964000225067139,550.0,40.76643371582031,7.0,195.0,322.0,0.0,24.60000000000001,24.60000000000001,3.4000000000000057,-7.0,1.6000000000000083,-6.200000000000003,-2.8800000000000026,-3.93,-0.166666666666666,-2.453333333333332,1.38,-1.5466666666666644,3.0,7.0,-1.2000000000000004,-3.313333333333333,188.9,200.9,69.19166666666668,52.59166666666667,101.03333333333335,90.56666666666668,6.0,121.80000000000001,96.2
GB_extirp_SLD-5,42.685333,-120.73895,2010.0,0.0,extirpated_GreatBasin,1964.0,20.91,4.108999729156494,635.017822265625,22.8759994506836,-7.964000225067139,550.0,40.76643371582031,7.0,195.0,322.0,0.0,24.60000000000001,24.60000000000001,3.4000000000000057,-7.0,1.6000000000000083,-6.200000000000003,-2.8800000000000026,-3.93,-0.166666666666666,-2.453333333333332,1.38,-1.5466666666666644,3.0,7.0,-1.2000000000000004,-3.313333333333333,188.9,200.9,69.19166666666668,52.59166666666667,101.03333333333335,90.56666666666668,6.0,121.80000000000001,96.2
GB_extirp_SLD-6,42.68475,-120.736133,2010.0,0.0,extirpated_GreatBasin,1960.0,14.79,4.108999729156494,635.017822265625,22.8759994506836,-7.964000225067139,550.0,40.76643371582031,7.0,195.0,322.0,0.0,24.60000000000001,24.60000000000001,3.4000000000000057,-7.0,1.6000000000000083,-6.200000000000003,-2.8800000000000026,-3.93,-0.166666666666666,-2.453333333333332,1.38,-1.5466666666666644,3.0,7.0,-1.2000000000000004,-3.313333333333333,188.9,200.9,69.19166666666668,52.59166666666667,101.03333333333335,90.56666666666668,6.0,121.80000000000001,96.2
GB_extirp_SLD-2,42.6856,-120.74,2010.0,0.0,extirpated_GreatBasin,1935.0,22.95,4.108999729156494,635.017822265625,22.8759994506836,-7.964000225067139,550.0,40.76643371582031,7.0,195.0,322.0,0.0,24.60000000000001,24.60000000000001,3.4000000000000057,-7.0,1.6000000000000083,-6.200000000000003,-2.8800000000000026,-3.93,-0.166666666666666,-2.453333333333332,1.38,-1.5466666666666644,3.0,7.0,-1.2000000000000004,-3.313333333333333,188.9,200.9,69.19166666666668,52.59166666666667,101.03333333333335,90.56666666666668,6.0,121.80000000000001,96.2
GB_extirp_FB-BS-1,41.907817,-119.962883,2010.0,0.0,extirpated_GreatBasin,1667.0,18.07,7.514833450317383,774.6658325195312,28.336000442504883,-7.1479997634887695,365.0,37.081844329833984,3.0,122.0,122.0,3.0,29.69999999999999,29.69999999999999,4.6000000000000085,-4.599999999999994,6.1000000000000085,-4.599999999999994,-2.729999999999997,-3.0700000000000003,-1.0941666666666665,-1.7883333333333322,-1.4599999999999984,-0.9033333333333312,4.0,5.0,-1.1033333333333342,-2.62,68.8,87.30000000000001,13.625,21.708333333333332,27.25,43.23333333333334,4.0,1.5666666666666667,29.46666666666667
GB_extirp_BH-BrptCyn-1,38.132983,-119.077583,2014.0,0.0,extirpated_GreatBasin,2513.0,17.71,5.08216667175293,707.455810546875,26.79599952697754,-12.407999992370604,360.0,53.784942626953125,3.0,157.0,195.0,2.0,27.700000000000003,27.700000000000003,12.200000000000005,-10.5,2.299999999999997,-10.5,-5.439999999999998,-4.769999999999996,-4.597499999999998,-3.966666666666665,-4.856666666666665,-4.38333333333333,12.0,12.0,-4.376666666666665,-3.386666666666668,48.400000000000006,115.4,9.183333333333334,22.408333333333335,18.366666666666667,44.81666666666667,4.0,0.8000000000000002,6.966666666666668
GB_extirp_BH-BrptCyn-2,38.133083,-119.078367,2007.0,0.0,extirpated_GreatBasin,2512.0,31.89,5.08216667175293,707.455810546875,26.79599952697754,-12.407999992370604,360.0,53.784942626953125,4.0,157.0,195.0,2.0,28.60000000000001,28.60000000000001,7.5,-15.899999999999991,3.700000000000003,-15.899999999999991,-4.420000000000002,-1.8800000000000023,-3.6799999999999993,0.7000000000000005,-4.266666666666666,1.4600000000000009,12.0,0.0,-2.929999999999997,0.4166666666666667,84.7,285.2,16.5,65.87500000000001,33.0,124.80000000000001,5.0,5.633333333333334,108.96666666666665
GB_extirp_BH-BrptCyn-3,38.13275,-119.078417,2007.0,0.0,extirpated_GreatBasin,2518.0,31.89,5.08216667175293,707.455810546875,26.79599952697754,-12.407999992370604,360.0,53.784942626953125,4.0,157.0,195.0,2.0,28.60000000000001,28.60000000000001,7.5,-15.899999999999991,3.700000000000003,-15.899999999999991,-4.420000000000002,-1.8800000000000023,-3.6799999999999993,0.7000000000000005,-4.266666666666666,1.4600000000000009,12.0,0.0,-2.929999999999997,0.4166666666666667,84.7,285.2,16.5,65.87500000000001,33.0,124.80000000000001,5.0,5.633333333333334,108.96666666666665
GB_extirp_BH-BrptCyn-4,38.13635,-119.081383,2007.0,0.0,extirpated_GreatBasin,2519.0,7.59,5.08216667175293,707.455810546875,26.79599952697754,-12.407999992370604,360.0,53.784942626953125,4.0,157.0,195.0,2.0,28.60000000000001,28.60000000000001,7.5,-15.899999999999991,3.700000000000003,-15.899999999999991,-4.420000000000002,-1.8800000000000023,-3.6799999999999993,0.7000000000000005,-4.266666666666666,1.4600000000000009,12.0,0.0,-2.929999999999997,0.4166666666666667,84.7,285.2,16.5,65.87500000000001,33.0,124.80000000000001,5.0,5.633333333333334,108.96666666666665
GB_extirp_MasCh-4,38.35055,-119.1474,2007.0,0.0,extirpated_GreatBasin,2526.0,12.2,4.977833271026611,691.0394897460938,25.895999908447266,-11.128000259399414,376.0,50.89371109008789,4.0,159.0,200.0,2.0,28.0,28.0,7.600000000000008,-14.899999999999991,4.1000000000000085,-14.899999999999991,-4.369999999999997,-1.9799999999999969,-3.668333333333333,0.5283333333333342,-4.239999999999999,1.1166666666666671,12.0,0.0,-2.970000000000001,0.3633333333333344,83.5,279.8,16.64166666666667,65.20833333333334,33.28333333333334,123.18333333333335,5.0,6.366666666666667,107.73333333333335
GB_extirp_AurPk-1,38.280367,-118.856817,2008.0,0.0,extirpated_GreatBasin,2552.0,8.84,4.923500061035156,706.1076049804688,26.35599899291992,-12.29599952697754,303.0,41.48152923583984,5.0,119.0,150.0,2.0,28.700000000000003,28.700000000000003,7.0,-13.5,2.200000000000003,-13.5,-2.9399999999999977,-4.600000000000001,-2.299166666666666,-3.760833333333333,-2.273333333333333,-4.439999999999998,8.0,12.0,-2.276666666666664,-2.926666666666667,192.5,49.900000000000006,48.10833333333334,10.533333333333333,91.11666666666667,21.066666666666666,3.0,74.36666666666666,0.0
GB_extirp_MasN-1,38.3584,-119.144533,2014.0,0.0,extirpated_GreatBasin,2463.0,23.44,4.977833271026611,691.0394897460938,25.895999908447266,-11.128000259399414,376.0,50.89371109008789,2.0,159.0,200.0,1.0,26.90000000000001,26.90000000000001,12.0,-10.0,2.700000000000003,-10.0,-5.519999999999996,-4.659999999999997,-4.734166666666666,-3.949999999999999,-4.973333333333332,-4.343333333333331,12.0,12.0,-4.473333333333332,-3.366666666666665,43.1,123.60000000000001,7.508333333333334,23.708333333333332,15.016666666666667,47.416666666666664,4.0,0.0,7.066666666666667
GB_extirp_MasN-2,38.3584,-119.14415,2014.0,0.0,extirpated_GreatBasin,2464.0,23.44,4.977833271026611,691.0394897460938,25.895999908447266,-11.128000259399414,376.0,50.89371109008789,2.0,159.0,200.0,1.0,26.90000000000001,26.90000000000001,12.0,-10.0,2.700000000000003,-10.0,-5.519999999999996,-4.659999999999997,-4.734166666666666,-3.949999999999999,-4.973333333333332,-4.343333333333331,12.0,12.0,-4.473333333333332,-3.366666666666665,43.1,123.60000000000001,7.508333333333334,23.708333333333332,15.016666666666667,47.416666666666664,4.0,0.0,7.066666666666667
GB_extirp_MasN-5,38.35855,-119.137733,2014.0,0.0,extirpated_GreatBasin,2495.0,13.8,4.977833271026611,691.0394897460938,25.895999908447266,-11.128000259399414,376.0,50.89371109008789,2.0,159.0,200.0,1.0,26.90000000000001,26.90000000000001,12.0,-10.0,2.700000000000003,-10.0,-5.519999999999996,-4.659999999999997,-4.734166666666666,-3.949999999999999,-4.973333333333332,-4.343333333333331,12.0,12.0,-4.473333333333332,-3.366666666666665,43.1,123.60000000000001,7.508333333333334,23.708333333333332,15.016666666666667,47.416666666666664,4.0,0.0,7.066666666666667
GB_extirp_Bodie-Low-1,38.164483,-119.149933,2014.0,0.0,extirpated_GreatBasin,2202.0,21.09,5.235166549682617,712.7454223632812,26.86800003051757,-12.279999732971191,368.0,56.495487213134766,3.0,164.0,204.0,2.0,27.8,27.8,11.799999999999995,-10.5,2.700000000000003,-10.5,-5.409999999999997,-4.68,-4.629999999999998,-3.8899999999999983,-4.809999999999998,-4.269999999999999,12.0,12.0,-4.459999999999998,-3.3433333333333315,55.5,119.60000000000001,10.808333333333332,22.666666666666668,21.616666666666664,45.333333333333336,4.0,3.033333333333333,5.3999999999999995
GB_extirp_Termo-1,40.857333,-120.488683,1924.0,0.0,extirpated_GreatBasin,1628.0,8.22,7.346499919891357,748.3902587890625,29.667999267578125,-8.923999786376953,313.0,38.35408782958984,2.0,106.0,74.0,,,,,,,,,,,,,,,,,,,,,,,,,,
GB_extirp_Termo-2,40.8574,-120.488817,1924.0,0.0,extirpated_GreatBasin,1630.0,8.22,7.346499919891357,748.3902587890625,29.667999267578125,-8.923999786376953,313.0,38.35408782958984,2.0,106.0,74.0,,,,,,,,,,,,,,,,,,,,,,,,,,
GB_extirp_Kelty-3,37.74635,-118.6538,2014.0,0.0,extirpated_GreatBasin,3037.0,10.81,4.598333358764648,699.5944213867188,24.84000015258789,-10.907999992370604,378.0,52.61939239501953,3.0,161.0,204.0,1.0,25.8,25.8,11.900000000000006,-9.0,2.700000000000003,-9.0,-5.350000000000001,-5.07,-4.454999999999999,-4.229166666666665,-4.743333333333332,-4.819999999999998,12.0,12.0,-4.31,-3.403333333333331,44.900000000000006,109.4,7.291666666666667,20.349999999999998,14.583333333333334,40.699999999999996,4.0,5.066666666666667,3.9000000000000004
GB_extirp_Kelty-4,37.746133,-118.653617,2014.0,0.0,extirpated_GreatBasin,3039.0,10.81,4.598333358764648,699.5944213867188,24.84000015258789,-10.907999992370604,378.0,52.61939239501953,3.0,161.0,204.0,1.0,25.8,25.8,11.900000000000006,-9.0,2.700000000000003,-9.0,-5.350000000000001,-5.07,-4.454999999999999,-4.229166666666665,-4.743333333333332,-4.819999999999998,12.0,12.0,-4.31,-3.403333333333331,44.900000000000006,109.4,7.291666666666667,20.349999999999998,14.583333333333334,40.699999999999996,4.0,5.066666666666667,3.9000000000000004
GB_extirp_CPLower-1,38.44115,-118.762733,2007.0,0.0,extirpated_GreatBasin,2718.0,14.43,4.552000045776367,662.745361328125,24.559999465942383,-10.944000244140623,328.0,36.781494140625,3.0,123.0,156.0,2.0,26.8,26.8,8.900000000000006,-14.200000000000005,4.0,-14.200000000000005,-4.519999999999996,-2.1599999999999966,-3.689166666666665,0.1650000000000015,-4.389999999999998,0.1733333333333343,12.0,2.0,-2.9166666666666643,0.3600000000000018,48.900000000000006,227.3,10.416666666666668,56.50833333333333,20.833333333333336,100.23333333333333,5.0,0.0,101.33333333333333
GB_extirp_CPLower-2,38.4411,-118.762667,2007.0,0.0,extirpated_GreatBasin,2730.0,14.43,4.552000045776367,662.745361328125,24.559999465942383,-10.944000244140623,328.0,36.781494140625,3.0,123.0,156.0,2.0,26.8,26.8,8.900000000000006,-14.200000000000005,4.0,-14.200000000000005,-4.519999999999996,-2.1599999999999966,-3.689166666666665,0.1650000000000015,-4.389999999999998,0.1733333333333343,12.0,2.0,-2.9166666666666643,0.3600000000000018,48.900000000000006,227.3,10.416666666666668,56.50833333333333,20.833333333333336,100.23333333333333,5.0,0.0,101.33333333333333
GB_extirp_BRCr-1,38.147983,-119.06945,2013.0,0.0,extirpated_GreatBasin,2610.0,17.53,5.08216667175293,707.455810546875,26.79599952697754,-12.407999992370604,360.0,53.784942626953125,4.0,157.0,195.0,2.0,27.700000000000003,27.700000000000003,8.100000000000009,-14.599999999999994,4.200000000000003,-14.599999999999994,-4.769999999999996,-3.769999999999996,-3.966666666666665,-3.209166666666665,-4.38333333333333,-3.683333333333332,12.0,12.0,-3.386666666666668,-2.483333333333332,115.4,95.5,22.408333333333335,14.458333333333334,44.81666666666667,28.916666666666668,3.0,6.966666666666668,14.866666666666667
GB_extirp_BRCr-2,38.1478,-119.069683,2013.0,0.0,extirpated_GreatBasin,2602.0,18.25,5.08216667175293,707.455810546875,26.79599952697754,-12.407999992370604,360.0,53.784942626953125,4.0,157.0,195.0,2.0,27.700000000000003,27.700000000000003,8.100000000000009,-14.599999999999994,4.200000000000003,-14.599999999999994,-4.769999999999996,-3.769999999999996,-3.966666666666665,-3.209166666666665,-4.38333333333333,-3.683333333333332,12.0,12.0,-3.386666666666668,-2.483333333333332,115.4,95.5,22.408333333333335,14.458333333333334,44.81666666666667,28.916666666666668,3.0,6.966666666666668,14.866666666666667
GB_extirp_BRCr-3,38.147667,-119.0699,2013.0,0.0,extirpated_GreatBasin,2596.0,15.66,5.08216667175293,707.455810546875,26.79599952697754,-12.407999992370604,360.0,53.784942626953125,4.0,157.0,195.0,2.0,27.700000000000003,27.700000000000003,8.100000000000009,-14.599999999999994,4.200000000000003,-14.599999999999994,-4.769999999999996,-3.769999999999996,-3.966666666666665,-3.209166666666665,-4.38333333333333,-3.683333333333332,12.0,12.0,-3.386666666666668,-2.483333333333332,115.4,95.5,22.408333333333335,14.458333333333334,44.81666666666667,28.916666666666668,3.0,6.966666666666668,14.866666666666667
GB_extirp_BRCr-4,38.1476,-119.069917,2013.0,0.0,extirpated_GreatBasin,2593.0,15.66,5.08216667175293,707.455810546875,26.79599952697754,-12.407999992370604,360.0,53.784942626953125,4.0,157.0,195.0,2.0,27.700000000000003,27.700000000000003,8.100000000000009,-14.599999999999994,4.200000000000003,-14.599999999999994,-4.769999999999996,-3.769999999999996,-3.966666666666665,-3.209166666666665,-4.38333333333333,-3.683333333333332,12.0,12.0,-3.386666666666668,-2.483333333333332,115.4,95.5,22.408333333333335,14.458333333333334,44.81666666666667,28.916666666666668,3.0,6.966666666666668,14.866666666666667
GB_extirp_BRCr-5,38.14775,-119.0695,2013.0,0.0,extirpated_GreatBasin,2608.0,18.25,5.08216667175293,707.455810546875,26.79599952697754,-12.407999992370604,360.0,53.784942626953125,4.0,157.0,195.0,2.0,27.700000000000003,27.700000000000003,8.100000000000009,-14.599999999999994,4.200000000000003,-14.599999999999994,-4.769999999999996,-3.769999999999996,-3.966666666666665,-3.209166666666665,-4.38333333333333,-3.683333333333332,12.0,12.0,-3.386666666666668,-2.483333333333332,115.4,95.5,22.408333333333335,14.458333333333334,44.81666666666667,28.916666666666668,3.0,6.966666666666668,14.866666666666667
GB_extirp_BRCr-6,38.147533,-119.06855,2013.0,0.0,extirpated_GreatBasin,2653.0,17.8,5.08216667175293,707.455810546875,26.79599952697754,-12.407999992370604,360.0,53.784942626953125,4.0,157.0,195.0,2.0,27.700000000000003,27.700000000000003,8.100000000000009,-14.599999999999994,4.200000000000003,-14.599999999999994,-4.769999999999996,-3.769999999999996,-3.966666666666665,-3.209166666666665,-4.38333333333333,-3.683333333333332,12.0,12.0,-3.386666666666668,-2.483333333333332,115.4,95.5,22.408333333333335,14.458333333333334,44.81666666666667,28.916666666666668,3.0,6.966666666666668,14.866666666666667
GB_extirp_BRCr-7,38.14825,-119.06845,2013.0,0.0,extirpated_GreatBasin,2653.0,17.06,5.08216667175293,707.455810546875,26.79599952697754,-12.407999992370604,360.0,53.784942626953125,4.0,157.0,195.0,2.0,27.700000000000003,27.700000000000003,8.100000000000009,-14.599999999999994,4.200000000000003,-14.599999999999994,-4.769999999999996,-3.769999999999996,-3.966666666666665,-3.209166666666665,-4.38333333333333,-3.683333333333332,12.0,12.0,-3.386666666666668,-2.483333333333332,115.4,95.5,22.408333333333335,14.458333333333334,44.81666666666667,28.916666666666668,3.0,6.966666666666668,14.866666666666667
GB_extirp_BRCr-8,38.1483,-119.06795,2013.0,0.0,extirpated_GreatBasin,2666.0,17.06,5.08216667175293,707.455810546875,26.79599952697754,-12.407999992370604,360.0,53.784942626953125,4.0,157.0,195.0,2.0,27.700000000000003,27.700000000000003,8.100000000000009,-14.599999999999994,4.200000000000003,-14.599999999999994,-4.769999999999996,-3.769999999999996,-3.966666666666665,-3.209166666666665,-4.38333333333333,-3.683333333333332,12.0,12.0,-3.386666666666668,-2.483333333333332,115.4,95.5,22.408333333333335,14.458333333333334,44.81666666666667,28.916666666666668,3.0,6.966666666666668,14.866666666666667
GB_extirp_BRCr-9,38.148967,-119.068433,2013.0,0.0,extirpated_GreatBasin,2648.0,14.63,5.08216667175293,707.455810546875,26.79599952697754,-12.407999992370604,360.0,53.784942626953125,4.0,157.0,195.0,2.0,27.700000000000003,27.700000000000003,8.100000000000009,-14.599999999999994,4.200000000000003,-14.599999999999994,-4.769999999999996,-3.769999999999996,-3.966666666666665,-3.209166666666665,-4.38333333333333,-3.683333333333332,12.0,12.0,-3.386666666666668,-2.483333333333332,115.4,95.5,22.408333333333335,14.458333333333334,44.81666666666667,28.916666666666668,3.0,6.966666666666668,14.866666666666667
GB_extirp_BRCr-10,38.148883,-119.068517,2013.0,0.0,extirpated_GreatBasin,2645.0,14.63,5.08216667175293,707.455810546875,26.79599952697754,-12.407999992370604,360.0,53.784942626953125,4.0,157.0,195.0,2.0,27.700000000000003,27.700000000000003,8.100000000000009,-14.599999999999994,4.200000000000003,-14.599999999999994,-4.769999999999996,-3.769999999999996,-3.966666666666665,-3.209166666666665,-4.38333333333333,-3.683333333333332,12.0,12.0,-3.386666666666668,-2.483333333333332,115.4,95.5,22.408333333333335,14.458333333333334,44.81666666666667,28.916666666666668,3.0,6.966666666666668,14.866666666666667
GB_extirp_BRCr-11,38.148933,-119.0686,2013.0,0.0,extirpated_GreatBasin,2640.0,14.63,5.08216667175293,707.455810546875,26.79599952697754,-12.407999992370604,360.0,53.784942626953125,4.0,157.0,195.0,2.0,27.700000000000003,27.700000000000003,8.100000000000009,-14.599999999999994,4.200000000000003,-14.599999999999994,-4.769999999999996,-3.769999999999996,-3.966666666666665,-3.209166666666665,-4.38333333333333,-3.683333333333332,12.0,12.0,-3.386666666666668,-2.483333333333332,115.4,95.5,22.408333333333335,14.458333333333334,44.81666666666667,28.916666666666668,3.0,6.966666666666668,14.866666666666667
GB_extirp_BRCr-12,38.1489,-119.068567,2013.0,0.0,extirpated_GreatBasin,2640.0,14.63,5.08216667175293,707.455810546875,26.79599952697754,-12.407999992370604,360.0,53.784942626953125,4.0,157.0,195.0,2.0,27.700000000000003,27.700000000000003,8.100000000000009,-14.599999999999994,4.200000000000003,-14.599999999999994,-4.769999999999996,-3.769999999999996,-3.966666666666665,-3.209166666666665,-4.38333333333333,-3.683333333333332,12.0,12.0,-3.386666666666668,-2.483333333333332,115.4,95.5,22.408333333333335,14.458333333333334,44.81666666666667,28.916666666666668,3.0,6.966666666666668,14.866666666666667
GB_extirp_BRCr-13,38.14855,-119.0687,2013.0,0.0,extirpated_GreatBasin,2625.0,17.06,5.08216667175293,707.455810546875,26.79599952697754,-12.407999992370604,360.0,53.784942626953125,4.0,157.0,195.0,2.0,27.700000000000003,27.700000000000003,8.100000000000009,-14.599999999999994,4.200000000000003,-14.599999999999994,-4.769999999999996,-3.769999999999996,-3.966666666666665,-3.209166666666665,-4.38333333333333,-3.683333333333332,12.0,12.0,-3.386666666666668,-2.483333333333332,115.4,95.5,22.408333333333335,14.458333333333334,44.81666666666667,28.916666666666668,3.0,6.966666666666668,14.866666666666667
GB_extirp_Slide-1,42.685067,-120.736817,2010.0,0.0,extirpated_GreatBasin,1964.0,15.05,4.108999729156494,635.017822265625,22.8759994506836,-7.964000225067139,550.0,40.76643371582031,7.0,195.0,322.0,0.0,24.60000000000001,24.60000000000001,3.4000000000000057,-7.0,1.6000000000000083,-6.200000000000003,-2.8800000000000026,-3.93,-0.166666666666666,-2.453333333333332,1.38,-1.5466666666666644,3.0,7.0,-1.2000000000000004,-3.313333333333333,188.9,200.9,69.19166666666668,52.59166666666667,101.03333333333335,90.56666666666668,6.0,121.80000000000001,96.2
GB_extirp_Slide-2,42.684017,-120.73655,2010.0,0.0,extirpated_GreatBasin,1981.0,41.76,4.108999729156494,635.017822265625,22.8759994506836,-7.964000225067139,550.0,40.76643371582031,7.0,195.0,322.0,0.0,24.60000000000001,24.60000000000001,3.4000000000000057,-7.0,1.6000000000000083,-6.200000000000003,-2.8800000000000026,-3.93,-0.166666666666666,-2.453333333333332,1.38,-1.5466666666666644,3.0,7.0,-1.2000000000000004,-3.313333333333333,188.9,200.9,69.19166666666668,52.59166666666667,101.03333333333335,90.56666666666668,6.0,121.80000000000001,96.2
GB_extirp_Slide-3,42.68405,-120.736533,2010.0,0.0,extirpated_GreatBasin,2010.0,41.76,4.108999729156494,635.017822265625,22.8759994506836,-7.964000225067139,550.0,40.76643371582031,7.0,195.0,322.0,0.0,24.60000000000001,24.60000000000001,3.4000000000000057,-7.0,1.6000000000000083,-6.200000000000003,-2.8800000000000026,-3.93,-0.166666666666666,-2.453333333333332,1.38,-1.5466666666666644,3.0,7.0,-1.2000000000000004,-3.313333333333333,188.9,200.9,69.19166666666668,52.59166666666667,101.03333333333335,90.56666666666668,6.0,121.80000000000001,96.2
GB_extirp_Slide-4,42.683883,-120.736333,2010.0,0.0,extirpated_GreatBasin,2007.0,41.71,4.108999729156494,635.017822265625,22.8759994506836,-7.964000225067139,550.0,40.76643371582031,7.0,195.0,322.0,0.0,24.60000000000001,24.60000000000001,3.4000000000000057,-7.0,1.6000000000000083,-6.200000000000003,-2.8800000000000026,-3.93,-0.166666666666666,-2.453333333333332,1.38,-1.5466666666666644,3.0,7.0,-1.2000000000000004,-3.313333333333333,188.9,200.9,69.19166666666668,52.59166666666667,101.03333333333335,90.56666666666668,6.0,121.80000000000001,96.2
GB_extirp_Slide-5,42.684617,-120.73625,2010.0,0.0,extirpated_GreatBasin,1945.0,14.79,4.108999729156494,635.017822265625,22.8759994506836,-7.964000225067139,550.0,40.76643371582031,7.0,195.0,322.0,0.0,24.60000000000001,24.60000000000001,3.4000000000000057,-7.0,1.6000000000000083,-6.200000000000003,-2.8800000000000026,-3.93,-0.166666666666666,-2.453333333333332,1.38,-1.5466666666666644,3.0,7.0,-1.2000000000000004,-3.313333333333333,188.9,200.9,69.19166666666668,52.59166666666667,101.03333333333335,90.56666666666668,6.0,121.80000000000001,96.2
GB_extirp_KELJr-1,37.74631,-118.65348,2011.0,0.0,extirpated_GreatBasin,3035.0,10.81,4.598333358764648,699.5944213867188,24.84000015258789,-10.907999992370604,378.0,52.61939239501953,5.0,161.0,204.0,1.0,26.8,26.8,8.299999999999997,-12.099999999999994,1.2999999999999972,-12.099999999999994,-1.269999999999996,-1.4600000000000009,1.971666666666668,0.5791666666666669,2.143333333333333,-0.2700000000000007,0.0,0.0,1.5166666666666682,1.466666666666666,337.20000000000005,231.10000000000002,92.93333333333334,84.91666666666669,134.11666666666667,124.8,7.0,215.90000000000006,154.83333333333334
GB_extirp_KELJr-2,37.74671,-118.65392,2011.0,0.0,extirpated_GreatBasin,3023.0,1.59,4.598333358764648,699.5944213867188,24.84000015258789,-10.907999992370604,378.0,52.61939239501953,5.0,161.0,204.0,1.0,26.8,26.8,8.299999999999997,-12.099999999999994,1.2999999999999972,-12.099999999999994,-1.269999999999996,-1.4600000000000009,1.971666666666668,0.5791666666666669,2.143333333333333,-0.2700000000000007,0.0,0.0,1.5166666666666682,1.466666666666666,337.20000000000005,231.10000000000002,92.93333333333334,84.91666666666669,134.11666666666667,124.8,7.0,215.90000000000006,154.83333333333334
GB_extirp_KELette-1,37.74849,-118.6537,2011.0,0.0,extirpated_GreatBasin,3027.0,9.46,4.598333358764648,699.5944213867188,24.84000015258789,-10.907999992370604,378.0,52.61939239501953,5.0,161.0,204.0,1.0,26.8,26.8,8.299999999999997,-12.099999999999994,1.2999999999999972,-12.099999999999994,-1.269999999999996,-1.4600000000000009,1.971666666666668,0.5791666666666669,2.143333333333333,-0.2700000000000007,0.0,0.0,1.5166666666666682,1.466666666666666,337.20000000000005,231.10000000000002,92.93333333333334,84.91666666666669,134.11666666666667,124.8,7.0,215.90000000000006,154.83333333333334
GB_extirp_965,38.348483,-119.127717,2013.0,0.0,extirpated_GreatBasin,2759.0,16.3,4.977833271026611,691.0394897460938,25.895999908447266,-11.128000259399414,376.0,50.89371109008789,4.0,159.0,200.0,2.0,27.10000000000001,27.10000000000001,7.200000000000003,-13.799999999999995,4.700000000000003,-13.799999999999995,-4.659999999999997,-3.699999999999996,-3.949999999999999,-3.120833333333332,-4.343333333333331,-3.616666666666665,12.0,12.0,-3.366666666666665,-2.413333333333332,123.60000000000001,101.60000000000001,23.708333333333332,14.841666666666669,47.416666666666664,29.683333333333337,3.0,7.066666666666667,17.2
GB_extirp_966,38.348117,-119.12775,2013.0,0.0,extirpated_GreatBasin,2754.0,16.3,4.977833271026611,691.0394897460938,25.895999908447266,-11.128000259399414,376.0,50.89371109008789,4.0,159.0,200.0,2.0,27.10000000000001,27.10000000000001,7.200000000000003,-13.799999999999995,4.700000000000003,-13.799999999999995,-4.659999999999997,-3.699999999999996,-3.949999999999999,-3.120833333333332,-4.343333333333331,-3.616666666666665,12.0,12.0,-3.366666666666665,-2.413333333333332,123.60000000000001,101.60000000000001,23.708333333333332,14.841666666666669,47.416666666666664,29.683333333333337,3.0,7.066666666666667,17.2
GB_extirp_967,38.34845,-119.128133,2013.0,0.0,extirpated_GreatBasin,2747.0,4.13,4.977833271026611,691.0394897460938,25.895999908447266,-11.128000259399414,376.0,50.89371109008789,4.0,159.0,200.0,2.0,27.10000000000001,27.10000000000001,7.200000000000003,-13.799999999999995,4.700000000000003,-13.799999999999995,-4.659999999999997,-3.699999999999996,-3.949999999999999,-3.120833333333332,-4.343333333333331,-3.616666666666665,12.0,12.0,-3.366666666666665,-2.413333333333332,123.60000000000001,101.60000000000001,23.708333333333332,14.841666666666669,47.416666666666664,29.683333333333337,3.0,7.066666666666667,17.2
GB_extirp_968,38.348583,-119.128017,2013.0,0.0,extirpated_GreatBasin,2759.0,16.3,4.977833271026611,691.0394897460938,25.895999908447266,-11.128000259399414,376.0,50.89371109008789,4.0,159.0,200.0,2.0,27.10000000000001,27.10000000000001,7.200000000000003,-13.799999999999995,4.700000000000003,-13.799999999999995,-4.659999999999997,-3.699999999999996,-3.949999999999999,-3.120833333333332,-4.343333333333331,-3.616666666666665,12.0,12.0,-3.366666666666665,-2.413333333333332,123.60000000000001,101.60000000000001,23.708333333333332,14.841666666666669,47.416666666666664,29.683333333333337,3.0,7.066666666666667,17.2
GB_extirp_705,38.359667,-119.126564,2013.0,0.0,extirpated_GreatBasin,2582.0,14.09,4.977833271026611,691.0394897460938,25.895999908447266,-11.128000259399414,376.0,50.89371109008789,4.0,159.0,200.0,2.0,27.10000000000001,27.10000000000001,7.200000000000003,-13.799999999999995,4.700000000000003,-13.799999999999995,-4.659999999999997,-3.699999999999996,-3.949999999999999,-3.120833333333332,-4.343333333333331,-3.616666666666665,12.0,12.0,-3.366666666666665,-2.413333333333332,123.60000000000001,101.60000000000001,23.708333333333332,14.841666666666669,47.416666666666664,29.683333333333337,3.0,7.066666666666667,17.2
GB_extirp_706,38.35945,-119.126383,2013.0,0.0,extirpated_GreatBasin,2590.0,1.27,4.977833271026611,691.0394897460938,25.895999908447266,-11.128000259399414,376.0,50.89371109008789,4.0,159.0,200.0,2.0,27.10000000000001,27.10000000000001,7.200000000000003,-13.799999999999995,4.700000000000003,-13.799999999999995,-4.659999999999997,-3.699999999999996,-3.949999999999999,-3.120833333333332,-4.343333333333331,-3.616666666666665,12.0,12.0,-3.366666666666665,-2.413333333333332,123.60000000000001,101.60000000000001,23.708333333333332,14.841666666666669,47.416666666666664,29.683333333333337,3.0,7.066666666666667,17.2
GB_extirp_713,38.3599,-119.12535,2013.0,0.0,extirpated_GreatBasin,2594.0,15.82,4.977833271026611,691.0394897460938,25.895999908447266,-11.128000259399414,376.0,50.89371109008789,4.0,159.0,200.0,2.0,27.10000000000001,27.10000000000001,7.200000000000003,-13.799999999999995,4.700000000000003,-13.799999999999995,-4.659999999999997,-3.699999999999996,-3.949999999999999,-3.120833333333332,-4.343333333333331,-3.616666666666665,12.0,12.0,-3.366666666666665,-2.413333333333332,123.60000000000001,101.60000000000001,23.708333333333332,14.841666666666669,47.416666666666664,29.683333333333337,3.0,7.066666666666667,17.2
GB_extirp_715,38.36015,-119.125183,2013.0,0.0,extirpated_GreatBasin,2591.0,15.82,4.977833271026611,691.0394897460938,25.895999908447266,-11.128000259399414,376.0,50.89371109008789,4.0,159.0,200.0,2.0,27.10000000000001,27.10000000000001,7.200000000000003,-13.799999999999995,4.700000000000003,-13.799999999999995,-4.659999999999997,-3.699999999999996,-3.949999999999999,-3.120833333333332,-4.343333333333331,-3.616666666666665,12.0,12.0,-3.366666666666665,-2.413333333333332,123.60000000000001,101.60000000000001,23.708333333333332,14.841666666666669,47.416666666666664,29.683333333333337,3.0,7.066666666666667,17.2
GB_extirp_LN1,38.227,-119.07,2010.0,0.0,extirpated_GreatBasin,3106.0,14.49,3.178500175476074,681.8798217773438,23.996000289916992,-12.904000282287598,466.0,55.01010894775391,7.0,200.0,280.0,0.0,24.60000000000001,24.60000000000001,4.799999999999997,-11.599999999999994,-0.2999999999999971,-11.599999999999994,-1.2299999999999969,-3.710000000000001,0.6208333333333341,-1.9216666666666664,0.516666666666668,-1.716666666666666,0.0,5.0,0.7833333333333362,-2.69,291.2,182.3,119.53333333333335,49.041666666666664,152.58333333333334,76.11666666666666,5.0,251.03333333333333,104.7
GB_extirp_LN3,38.198,-119.01,2015.0,0.0,extirpated_GreatBasin,2614.0,3.42,4.481833457946777,697.6474609375,26.07999992370605,-12.947999954223633,366.0,50.6943473815918,3.0,155.0,194.0,1.0,27.40000000000001,27.40000000000001,13.5,-13.5,3.1000000000000085,-13.299999999999995,-7.600000000000001,-5.25,-4.700833333333332,-4.48,-4.689999999999998,-4.716666666666666,12.0,12.0,-3.8299999999999983,-4.37,108.2,52.800000000000004,15.908333333333333,11.625,31.816666666666666,23.25,4.0,0.0,7.2
GB_extirp_LN4,38.349948,-119.149084,2013.0,0.0,extirpated_GreatBasin,2506.0,7.55,4.977833271026611,691.0394897460938,25.895999908447266,-11.128000259399414,376.0,50.89371109008789,4.0,159.0,200.0,2.0,27.10000000000001,27.10000000000001,7.200000000000003,-13.799999999999995,4.700000000000003,-13.799999999999995,-4.659999999999997,-3.699999999999996,-3.949999999999999,-3.120833333333332,-4.343333333333331,-3.616666666666665,12.0,12.0,-3.366666666666665,-2.413333333333332,123.60000000000001,101.60000000000001,23.708333333333332,14.841666666666669,47.416666666666664,29.683333333333337,3.0,7.066666666666667,17.2
GB_extirp_LN5,38.3484,-119.1278,2013.0,0.0,extirpated_GreatBasin,2773.0,16.3,4.977833271026611,691.0394897460938,25.895999908447266,-11.128000259399414,376.0,50.89371109008789,4.0,159.0,200.0,2.0,27.10000000000001,27.10000000000001,7.200000000000003,-13.799999999999995,4.700000000000003,-13.799999999999995,-4.659999999999997,-3.699999999999996,-3.949999999999999,-3.120833333333332,-4.343333333333331,-3.616666666666665,12.0,12.0,-3.366666666666665,-2.413333333333332,123.60000000000001,101.60000000000001,23.708333333333332,14.841666666666669,47.416666666666664,29.683333333333337,3.0,7.066666666666667,17.2
GB_extirp_LN6,38.3612,-119.1264,2015.0,0.0,extirpated_GreatBasin,2601.0,14.12,4.977833271026611,691.0394897460938,25.895999908447266,-11.128000259399414,376.0,50.89371109008789,3.0,159.0,200.0,1.0,27.10000000000001,27.10000000000001,13.200000000000005,-12.5,3.9000000000000057,-11.399999999999991,-7.960000000000001,-5.519999999999996,-4.784166666666667,-4.734166666666666,-4.656666666666669,-4.973333333333332,11.0,12.0,-3.999999999999998,-4.473333333333332,118.9,43.1,15.425000000000002,7.508333333333334,30.850000000000005,15.016666666666667,2.0,0.0,0.0
GB_extirp_Ex1,41.65,-118.74,1946.0,0.0,extirpated_GreatBasin,2560.0,16.45,4.642833232879639,712.5502319335938,23.44799995422364,-7.440000057220459,453.0,30.057493209838867,4.0,136.0,182.0,,,,,,,,,,,,,,,,,,,,,,,,,,
GB_extirp_Ex2,39.35,-117.68,1946.0,0.0,extirpated_GreatBasin,2286.0,14.54,6.465833187103272,766.42822265625,27.13599967956543,-8.847999572753906,290.0,19.81932830810547,3.0,70.0,70.0,,,,,,,,,,,,,,,,,,,,,,,,,,
GB_extirp_Ex3,41.61,-119.07,1946.0,0.0,extirpated_GreatBasin,1798.0,8.98,6.73033332824707,777.9830322265625,27.12800025939941,-7.099999904632568,319.0,27.802322387695312,3.0,92.0,92.0,,,,,,,,,,,,,,,,,,,,,,,,,,
GB_extirp_Ex4,41.9,-119.96,1946.0,0.0,extirpated_GreatBasin,1737.0,0.71,7.514833450317383,774.6658325195312,28.336000442504883,-7.1479997634887695,365.0,37.081844329833984,3.0,122.0,122.0,,,,,,,,,,,,,,,,,,,,,,,,,,
GB_extirp_Ex5,42.4,-119.64,1998.0,0.0,extirpated_GreatBasin,1760.0,3.87,6.473499774932861,739.0631713867188,27.86000061035156,-7.527999877929687,325.0,27.97455787658692,6.0,84.0,84.0,2.0,30.0,30.0,4.400000000000006,-9.700000000000005,2.0,-9.700000000000005,-2.5,-2.5,2.6266666666666683,-1.052499999999999,5.256666666666668,-1.4933333333333323,2.0,2.0,0.099999999999999,0.2166666666666662,83.9,117.10000000000001,20.358333333333334,20.883333333333336,38.85,41.76666666666667,4.0,31.700000000000003,6.366666666666667
GB_extirp_Ex6,42.4,-120.6,1998.0,0.0,extirpated_GreatBasin,1798.0,17.02,6.065333366394043,693.0327758789062,25.968000411987305,-7.303999900817871,440.0,38.244388580322266,6.0,150.0,150.0,2.0,28.40000000000001,28.40000000000001,3.5,-8.0,3.0,-8.0,-1.8900000000000008,-2.119999999999997,2.6708333333333343,-0.4624999999999992,5.13,-1.5499999999999996,0.0,1.0,0.576666666666668,0.9066666666666686,142.5,239.20000000000002,44.76666666666667,44.350000000000016,85.95,88.28333333333335,4.0,52.566666666666684,19.933333333333334
GB_extirp_Ex7,37.92,-118.29,1946.0,0.0,extirpated_GreatBasin,2499.0,8.53,6.898499965667725,736.567138671875,27.69599914550781,-9.243999481201172,236.0,29.42066764831543,3.0,83.0,83.0,,,,,,,,,,,,,,,,,,,,,,,,,,
GB_extirp_Ex8,38.75,-116.57,1946.0,0.0,extirpated_GreatBasin,2476.0,21.72,4.4629998207092285,716.54296875,23.57200050354004,-9.904000282287598,354.0,13.151959419250488,4.0,85.0,121.0,,,,,,,,,,,,,,,,,,,,,,,,,,
GB_extirp_Ex9,39.16,-117.49,1946.0,0.0,extirpated_GreatBasin,2225.0,25.75,4.747833251953125,702.3786010742188,23.696001052856445,-8.947999954223633,354.0,17.09383201599121,4.0,89.0,125.0,,,,,,,,,,,,,,,,,,,,,,,,,,
GB_extirp_Ex10,38.9,-115.34,1998.0,0.0,extirpated_GreatBasin,2701.0,24.78,6.099833488464356,774.1107788085938,26.6879997253418,-9.871999740600586,349.0,12.792648315429688,5.0,79.0,115.0,2.0,27.700000000000003,27.700000000000003,5.900000000000006,-10.0,3.1000000000000085,-10.0,-0.9799999999999968,-2.140000000000001,2.4000000000000017,-0.6441666666666664,3.2833333333333337,-1.6099999999999994,0.0,1.0,0.913333333333334,0.7933333333333342,138.0,129.70000000000002,34.95,23.066666666666666,48.333333333333336,46.13333333333333,4.0,89.13333333333334,5.800000000000001
GB_extirp_Ex13,40.91,-120.46,1924.0,0.0,extirpated_GreatBasin,1632.0,1.91,7.23199987411499,726.2471313476562,28.959999084472656,-8.592000007629395,327.0,36.914432525634766,2.0,108.0,75.0,,,,,,,,,,,,,,,,,,,,,,,,,,
GB_extirp_Ex15,40.71,-120.43,1930.0,0.0,extirpated_GreatBasin,1996.0,10.83,6.804666519165039,738.36962890625,28.24799919128418,-8.312000274658203,398.0,42.22670364379883,3.0,142.0,142.0,,,,,,,,,,,,,,,,,,,,,,,,,,
GB_extirp_Ex19,41.81,-120.34,1924.0,0.0,extirpated_GreatBasin,2203.0,18.48,7.355000019073486,718.7962646484375,27.3439998626709,-6.667999744415283,415.0,41.622501373291016,2.0,145.0,103.0,,,,,,,,,,,,,,,,,,,,,,,,,,
GB_extirp_Ex20,38.95,-117.26,1924.0,0.0,extirpated_GreatBasin,2160.0,42.21,5.393833160400391,743.7889404296875,25.35199928283692,-9.435999870300291,296.0,15.346471786499023,4.0,70.0,100.0,,,,,,,,,,,,,,,,,,,,,,,,,,
GB_extirp_Ex21,41.59,-120.24,1924.0,0.0,extirpated_GreatBasin,1811.0,24.17,6.307666778564453,714.7516479492188,25.895999908447266,-6.940000057220459,459.0,39.15655517578125,3.0,148.0,148.0,,,,,,,,,,,,,,,,,,,,,,,,,,
GB_extirp_Ex22,41.95,-120.23,1924.0,0.0,extirpated_GreatBasin,2326.0,11.04,4.6576666831970215,655.6559448242188,23.05599975585937,-7.164000034332275,562.0,38.57781219482422,4.0,179.0,243.0,,,,,,,,,,,,,,,,,,,,,,,,,,
